INSERT INTO Pacientes (PacienteID, Nombre, Edad, Sexo, Alergias, MotivoIngreso, DiagnosticoPrincipal, CondicionesPrevias, FechaIngreso, Servicio, EstadoAlIngreso) VALUES
(1, 'Juan Pérez', 68, 'M', NULL, 'Fiebre alta y tos productiva', '233604007', 'EPOC (fumador crónico), Hipertensión arterial', '2023-05-01', 'Neumología', 'Estable, disnea moderada'),
(2, 'María López', 75, 'F', 'Penicilina', 'Dolor torácico opresivo irradiado a brazo izquierdo', '22298006', 'Hipertensión arterial, hipercolesterolemia', '2023-07-10', 'Cardiología', 'Hipotensa, diaforética (PA 90/60)'),
(3, 'Carlos García', 22, 'M', NULL, 'Polidipsia, poliuria, vómitos y confusión', '420422005', 'Diabetes mellitus tipo 1 mal controlada', '2023-09-20', 'UCI', 'Deshidratación severa, respiración de Kussmaul'),
(4, 'Lucía Ramírez', 30, 'F', 'Sulfonamidas', 'Dolor agudo en fosa ilíaca derecha, fiebre y vómitos', '74400008', 'Sin antecedentes médicos relevantes', '2023-08-05', 'Cirugía General', 'Dolor abdominal severo, febril'),
(5, 'Miguel Rodríguez', 60, 'M', NULL, 'Disnea aguda en reposo, ortopnea, edema en miembros inferiores', '42343007', 'Hipertensión arterial, fibrilación auricular crónica', '2023-04-12', 'Medicina Interna', 'Taquipneico, SatO2 82% al aire ambiente'),
(6, 'Ana Gómez', 50, 'F', 'Ibuprofeno', 'Fiebre alta, taquicardia y bajo nivel de conciencia', '91302008', 'Diabetes mellitus tipo 2, nefrolitiasis recurrente', '2023-10-30', 'UCI', 'Hipotensa (PA 75/45), confusa (shock séptico)'),
(7, 'Pedro Álvarez', 78, 'M', NULL, 'Déficit motor súbito en hemicuerpo derecho y afasia', '230690007', 'Hipertensión arterial, diabetes mellitus tipo 2', '2023-03-01', 'Neurología', 'Consciente, hemiparesia derecha, afasia de Broca'),
(8, 'Rosa Jiménez', 65, 'F', 'Penicilina', 'Disnea en aumento, tos productiva con esputo purulento', '195951007', 'EPOC GOLD III (exfumadora), Hipertensión arterial', '2023-06-18', 'Neumología', 'Taquipneica, sibilancias, SatO2 85% (AA)'),
(9, 'Javier Santos', 18, 'M', 'Ácaros del polvo; pólenes', 'Crisis asmática severa con sibilancias y uso de músculos accesorios', '195967001', 'Asma desde la niñez, rinitis alérgica', '2023-02-11', 'Neumología', 'Taquipneico, sibilancias audibles, habla entrecortada'),
(10, 'Alejandro Ruiz', 46, 'M', NULL, 'Dolor epigástrico intenso irradiado a espalda, náuseas y vómitos', '197456007', 'Hipertrigliceridemia, consumo crónico de alcohol', '2023-11-15', 'Gastroenterología', 'Dolor intenso, taquicárdico, vómitos');

INSERT INTO Pacientes (PacienteID, Nombre, Edad, Sexo, Alergias, MotivoIngreso, DiagnosticoPrincipal, CondicionesPrevias, FechaIngreso, Servicio, EstadoAlIngreso) VALUES
(11, 'Laura Fernández', 28, 'F', 'Mariscos', 'Dolor abdominal intenso y diarrea con sangre', '102579006', 'Colitis ulcerosa', '2023-01-22', 'Gastroenterología', 'Dolor abdominal, deshidratación leve'),
(12, 'Sergio Morales', 34, 'M', NULL, 'Fiebre persistente y dolor de garganta', '363746003', 'VIH positivo', '2023-03-15', 'Infectología', 'Fiebre alta, adenopatías cervicales'),
(13, 'Carmen Torres', 56, 'F', 'Aspirina', 'Dolor en el pecho y dificultad para respirar', '22298006', 'Hipertensión arterial, obesidad', '2023-04-10', 'Cardiología', 'Estable, dolor torácico leve'),
(14, 'Daniel Castro', 40, 'M', NULL, 'Dolor de cabeza intenso y visión borrosa', '37796009', 'Migraña crónica', '2023-05-05', 'Neurología', 'Cefalea intensa, fotofobia'),
(15, 'Elena Navarro', 62, 'F', 'Látex', 'Dificultad para tragar y dolor en el pecho', '27624003', 'Reflujo gastroesofágico', '2023-06-12', 'Gastroenterología', 'Disfagia, dolor retroesternal'),
(16, 'Francisco Ortega', 70, 'M', NULL, 'Confusión y desorientación', '419045004', 'Demencia senil', '2023-07-18', 'Geriatría', 'Desorientado, confuso'),
(17, 'Isabel Méndez', 45, 'F', 'Penicilina', 'Dolor abdominal y fiebre', '74400008', 'Apendicitis aguda', '2023-08-25', 'Cirugía General', 'Dolor abdominal, febril'),
(18, 'Jorge Paredes', 33, 'M', NULL, 'Dolor en las articulaciones y erupción cutánea', '69896004', 'Lupus eritematoso sistémico', '2023-09-30', 'Reumatología', 'Artralgia, erupción malar'),
(19, 'Marta Ríos', 29, 'F', 'Huevos', 'Dificultad para respirar y hinchazón facial', '39579001', 'Asma, alergia alimentaria', '2023-10-05', 'Alergología', 'Edema facial, disnea'),
(20, 'Oscar Vega', 50, 'M', NULL, 'Dolor en el costado y sangre en la orina', '90708001', 'Cálculos renales', '2023-11-10', 'Urología', 'Dolor lumbar, hematuria'),
(21, 'Patricia Soto', 38, 'F', 'Polvo', 'Tos persistente y pérdida de peso', '363346000', 'Tuberculosis pulmonar', '2023-12-15', 'Neumología', 'Tos productiva, febril'),
(22, 'Raúl Mendoza', 55, 'M', NULL, 'Dolor en el pecho y sudoración fría', '22298006', 'Infarto agudo de miocardio', '2024-01-20', 'Cardiología', 'Dolor torácico, diaforético'),
(23, 'Sofía Herrera', 27, 'F', 'Frutos secos', 'Dificultad para respirar y urticaria', '39579001', 'Alergia alimentaria', '2024-02-25', 'Alergología', 'Urticaria, disnea'),
(24, 'Tomás Guerrero', 65, 'M', NULL, 'Debilidad muscular y dificultad para hablar', '230690007', 'Accidente cerebrovascular', '2024-03-30', 'Neurología', 'Hemiparesia, afasia'),
(25, 'Verónica Luna', 42, 'F', 'Penicilina', 'Dolor abdominal y vómitos', '197456007', 'Pancreatitis aguda', '2024-04-05', 'Gastroenterología', 'Dolor epigástrico, vómitos'),
(26, 'Ximena Díaz', 31, 'F', NULL, 'Fiebre y dolor de cabeza intenso', '363746003', 'Meningitis bacteriana', '2024-05-10', 'Infectología', 'Fiebre alta, rigidez de nuca'),
(27, 'Yolanda Campos', 58, 'F', 'Sulfonamidas', 'Dolor en el pecho y dificultad para respirar', '22298006', 'Angina de pecho', '2024-06-15', 'Cardiología', 'Dolor torácico, disnea'),
(28, 'Zacarías Rojas', 47, 'M', NULL, 'Dolor abdominal y diarrea', '102579006', 'Colitis infecciosa', '2024-07-20', 'Gastroenterología', 'Dolor abdominal, diarrea'),
(29, 'Adriana Silva', 36, 'F', 'Polen', 'Estornudos y congestión nasal', '61582004', 'Rinitis alérgica', '2024-08-25', 'Alergología', 'Congestión nasal, estornudos'),
(30, 'Benjamín Vargas', 63, 'M', NULL, 'Dolor en las piernas y dificultad para caminar', '444814009', 'Enfermedad arterial periférica', '2024-09-30', 'Angiología', 'Claudicación intermitente'),
(31, 'Clara Ortiz', 52, 'F', 'Penicilina', 'Dolor en el pecho y palpitaciones', '22298006', 'Arritmia cardíaca', '2024-10-05', 'Cardiología', 'Palpitaciones, dolor torácico'),
(32, 'Diego Medina', 41, 'M', NULL, 'Dolor de cabeza y visión doble', '37796009', 'Migraña con aura', '2024-11-10', 'Neurología', 'Cefalea, diplopía'),
(33, 'Eva Rivas', 39, 'F', 'Látex', 'Dificultad para respirar y sibilancias', '195967001', 'Asma bronquial', '2024-12-15', 'Neumología', 'Disnea, sibilancias'),
(34, 'Felipe Peña', 57, 'M', NULL, 'Dolor en el costado y fiebre', '90708001', 'Pielonefritis aguda', '2025-01-20', 'Urología', 'Dolor lumbar, febril'),
(35, 'Gabriela Montes', 44, 'F', 'Mariscos', 'Dolor abdominal y diarrea', '102579006', 'Intoxicación alimentaria', '2025-02-25', 'Gastroenterología', 'Dolor abdominal, diarrea');


INSERT INTO Evolucion (paciente_pacienteId, fechaYhora, PresionSistolica, PresionDiastolica, FrecuenciaCardiaca, Temperatura, FrecuenciaRespiratoria, SaturacionOxigeno, Glucosa, Leucocitos, Hemoglobina, Plaquetas, Colesterol, HDL, LDL, Trigliceridos, Sodio, Potasio, Cloro, Creatinina, Urea, AST, ALT, Bilirrubina, pH, pCO2, pO2, HCO3, Lactato) VALUES
(1, STR_TO_DATE('2023-05-01 06:00', '%Y-%m-%d %H:%i'), 100, 65, 105, 38.8, 28.0, 89, 110, 15000, 14.5, 250000, 180, 50, 110, 100, 134, 4.3, 98, 1.1, 50, 30, 28, 0.6, 7.35, 32, 60, 16, 2.5),
(1, STR_TO_DATE('2023-05-01 14:00', '%Y-%m-%d %H:%i'), 105, 68, 115, 39.2, 30.0, 95, 125, 15000, 14.5, 250000, 180, 50, 110, 100, 134, 4.3, 98, 1.1, 50, 30, 28, 0.6, 7.35, 32, 60, 16, 2.5),
(1, STR_TO_DATE('2023-05-01 22:00', '%Y-%m-%d %H:%i'), 98, 60, 110, 39.0, 26.0, 94, 115, 15000, 14.5, 250000, 180, 50, 110, 100, 133, 4.3, 98, 1.1, 50, 30, 28, 0.6, 7.35, 32, 60, 16, 2.5),
(1, STR_TO_DATE('2023-05-02 06:00', '%Y-%m-%d %H:%i'), 105, 70, 95, 38.0, 24.0, 94, 100, 13000, 13.8, 280000, 180, 50, 110, 100, 136, 4.0, 100, 1.0, 40, 32, 30, 0.7, 7.40, 35, 85, 22, 1.5),
(1, STR_TO_DATE('2023-05-02 14:00', '%Y-%m-%d %H:%i'), 110, 72, 100, 38.5, 26.0, 96, 110, 13000, 13.8, 280000, 180, 50, 110, 100, 136, 4.0, 100, 1.0, 40, 32, 30, 0.7, 7.40, 35, 85, 22, 1.5),
(1, STR_TO_DATE('2023-05-02 22:00', '%Y-%m-%d %H:%i'), 100, 68, 90, 38.2, 22.0, 95, 105, 13000, 13.8, 280000, 180, 50, 110, 100, 135, 4.0, 100, 1.0, 40, 32, 30, 0.7, 7.40, 35, 85, 22, 1.5),
(1, STR_TO_DATE('2023-05-03 06:00', '%Y-%m-%d %H:%i'), 115, 75, 85, 37.2, 20.0, 96, 95, 10000, 13.5, 320000, 180, 50, 110, 100, 138, 4.1, 102, 0.9, 30, 28, 27, 0.5, 7.40, 35, 85, 22, 1.5),
(1, STR_TO_DATE('2023-05-03 14:00', '%Y-%m-%d %H:%i'), 118, 78, 90, 37.5, 22.0, 97, 100, 10000, 13.5, 320000, 180, 50, 110, 100, 138, 4.1, 102, 0.9, 30, 28, 27, 0.5, 7.40, 35, 85, 22, 1.5),
(1, STR_TO_DATE('2023-05-03 22:00', '%Y-%m-%d %H:%i'), 110, 70, 80, 37.0, 18.0, 96, 90, 10000, 13.5, 320000, 180, 50, 110, 100, 137, 4.1, 100, 0.9, 30, 28, 27, 0.5, 7.40, 35, 85, 22, 1.5),
(1, STR_TO_DATE('2023-05-04 06:00', '%Y-%m-%d %H:%i'), 120, 80, 80, 36.8, 18.0, 98, 90, 9000, 13.2, 300000, 180, 50, 110, 100, 140, 4.2, 100, 0.8, 25, 25, 25, 0.5, 7.40, 35, 85, 22, 1.5),
(1, STR_TO_DATE('2023-05-04 14:00', '%Y-%m-%d %H:%i'), 125, 82, 85, 37.0, 20.0, 98, 100, 9000, 13.2, 300000, 180, 50, 110, 100, 140, 4.2, 98, 0.8, 25, 25, 25, 0.5, 7.40, 35, 85, 22, 1.5),
(1, STR_TO_DATE('2023-05-04 22:00', '%Y-%m-%d %H:%i'), 115, 78, 78, 36.6, 16.0, 98, 95, 9000, 13.2, 300000, 180, 50, 110, 100, 140, 4.2, 100, 0.8, 25, 25, 25, 0.5, 7.40, 35, 85, 22, 1.5),
(1, STR_TO_DATE('2023-05-05 06:00', '%Y-%m-%d %H:%i'), 118, 78, 78, 36.5, 16.0, 98, 85, 8500, 13.0, 290000, 180, 50, 110, 100, 140, 4.0, 100, 0.8, 20, 25, 24, 0.4, 7.40, 35, 85, 22, 1.5),
(1, STR_TO_DATE('2023-05-05 14:00', '%Y-%m-%d %H:%i'), 122, 80, 82, 36.7, 18.0, 98, 95, 8500, 13.0, 290000, 180, 50, 110, 100, 140, 4.0, 100, 0.8, 20, 25, 24, 0.4, 7.40, 35, 85, 22, 1.5),
(1, STR_TO_DATE('2023-05-05 22:00', '%Y-%m-%d %H:%i'), 115, 75, 75, 36.4, 14.0, 98, 90, 8500, 13.0, 290000, 180, 50, 110, 100, 140, 4.0, 100, 0.8, 20, 25, 24, 0.4, 7.40, 35, 85, 22, 1.5),
(2, STR_TO_DATE('2023-07-10 06:00', '%Y-%m-%d %H:%i'), 100, 60, 95, 37.2, 20.0, 95, 150, 12000, 13.0, 230000, 240, 40, 170, 150, 138, 4.2, 100, 0.9, 30, 45, 30, 0.8, 7.30, 28, 60, 14, 4.0),
(2, STR_TO_DATE('2023-07-10 14:00', '%Y-%m-%d %H:%i'), 105, 65, 100, 37.2, 18.0, 98, 180, 12000, 13.0, 230000, 240, 40, 170, 150, 138, 4.2, 100, 0.9, 30, 45, 30, 0.8, 7.35, 32, 95, 18, 2.0),
(2, STR_TO_DATE('2023-07-10 22:00', '%Y-%m-%d %H:%i'), 95, 58, 90, 37.5, 16.0, 96, 160, 12000, 13.0, 230000, 240, 40, 170, 150, 137, 4.2, 95, 0.9, 30, 45, 30, 0.8, 7.35, 34, 100, 22, 1.0),
(2, STR_TO_DATE('2023-07-11 06:00', '%Y-%m-%d %H:%i'), 110, 70, 80, 37.8, 18.0, 98, 130, 10000, 12.5, 210000, 240, 40, 170, 150, 140, 4.0, 100, 0.8, 25, 80, 30, 0.8, 7.35, 34, 100, 22, 1.0),
(2, STR_TO_DATE('2023-07-11 14:00', '%Y-%m-%d %H:%i'), 115, 75, 85, 38.0, 20.0, 98, 140, 10000, 12.5, 210000, 240, 40, 170, 150, 140, 4.0, 100, 0.8, 25, 80, 30, 0.8, 7.35, 34, 100, 22, 1.0),
(2, STR_TO_DATE('2023-07-11 22:00', '%Y-%m-%d %H:%i'), 105, 68, 78, 37.5, 16.0, 98, 120, 10000, 12.5, 210000, 240, 40, 170, 150, 138, 4.0, 98, 0.8, 25, 80, 30, 0.8, 7.35, 34, 100, 22, 1.0),
(2, STR_TO_DATE('2023-07-12 06:00', '%Y-%m-%d %H:%i'), 115, 75, 72, 37.0, 16.0, 98, 120, 9000, 12.0, 200000, 240, 40, 170, 150, 138, 4.0, 100, 0.8, 20, 40, 28, 0.7, 7.35, 34, 100, 22, 1.0),
(2, STR_TO_DATE('2023-07-12 14:00', '%Y-%m-%d %H:%i'), 118, 78, 78, 37.2, 18.0, 98, 130, 9000, 12.0, 200000, 240, 40, 170, 150, 138, 4.0, 100, 0.8, 20, 40, 28, 0.7, 7.35, 34, 100, 22, 1.0),
(2, STR_TO_DATE('2023-07-12 22:00', '%Y-%m-%d %H:%i'), 110, 70, 70, 36.8, 14.0, 98, 110, 9000, 12.0, 200000, 240, 40, 170, 150, 136, 4.0, 98, 0.8, 20, 40, 28, 0.7, 7.35, 34, 100, 22, 1.0),
(2, STR_TO_DATE('2023-07-13 06:00', '%Y-%m-%d %H:%i'), 120, 80, 70, 36.8, 16.0, 98, 110, 8000, 12.0, 200000, 240, 40, 170, 150, 136, 4.5, 98, 0.8, 18, 30, 28, 0.7, 7.35, 34, 100, 22, 1.0),
(2, STR_TO_DATE('2023-07-13 14:00', '%Y-%m-%d %H:%i'), 125, 85, 75, 37.0, 18.0, 98, 115, 8000, 12.0, 200000, 240, 40, 170, 150, 136, 4.5, 100, 0.8, 18, 30, 28, 0.7, 7.35, 34, 100, 22, 1.0),
(2, STR_TO_DATE('2023-07-13 22:00', '%Y-%m-%d %H:%i'), 115, 78, 65, 36.5, 14.0, 98, 100, 8000, 12.0, 200000, 240, 40, 170, 150, 136, 4.5, 95, 0.8, 18, 30, 28, 0.7, 7.35, 34, 100, 22, 1.0);

INSERT INTO LabIniciales (pacienteId, Glucosa, pH, Cetonas, Creatinina, Hemoglobina, Leucocitos, Sodio, Potasio, Urea, Amilasa) VALUES
(1, 110, 7.35, 0.0, 1.1, 14.5, 15000, 134, 4.3, 50, 80),
(2, 140, 7.30, 0.0, 0.9, 13.0, 12000, 137, 4.0, 40, 50),
(3, 450, 7.10, 5.0, 1.6, 16.0, 18000, 130, 5.5, 60, 95),
(4, 120, 7.40, 0.0, 0.8, 12.8, 16000, 135, 3.8, 30, 55),
(5, 130, 7.28, 0.0, 1.8, 11.0, 12000, 130, 4.8, 90, 30),
(6, 220, 7.25, 0.4, 2.0, 13.0, 18000, 132, 5.2, 90, 25),
(7, 180, 7.37, 0.0, 1.0, 14.0, 12000, 138, 4.3, 40, 20),
(8, 130, 7.28, 0.0, 0.9, 16.0, 14000, 135, 3.6, 30, 20),
(9, 110, 7.48, 0.0, 0.8, 15.0, 14000, 138, 3.2, 15, 25),
(10, 180, 7.30, 0.5, 1.4, 16.0, 17000, 133, 4.5, 70, 85);

INSERT INTO Procedimientos (PacienteID, Procedimientos, Tratamientos, CirugíasPrevias, Radiologia) VALUES
(1, 'Oxigenoterapia; broncoscopia diagnóstica', 'Antibióticos IV; nebulizaciones con broncodilatadores', 'Prótesis de cadera derecha hace 2 años', 'Rx tórax: infiltrado en lóbulo inferior derecho compatible con neumonía'),
(2, 'ECG de 12 derivaciones; cateterismo cardíaco con angioplastia y stent', 'Oxígeno suplementario; analgesia con morfina; antiagregación y anticoagulación', 'Colecistectomía laparoscópica hace 5 años', 'Rx tórax: cardiomegalia leve y congestión pulmonar hilio-basilar'),
(3, 'Colocación de catéter venoso central; monitorización en UCI', 'Hidratación IV; infusión de insulina; reposición de potasio', 'Apendicectomía a los 18 años', 'Rx tórax: sin evidencia de infección pulmonar'),
(4, 'Ecografía abdominal (sugestiva de apendicitis); apendicectomía laparoscópica', 'Antibióticos IV; analgesia postquirúrgica', 'Amigdalectomía en la infancia', 'Ecografía abdominal: apéndice engrosado con líquido periapendicular (apendicitis aguda)'),
(5, 'Ventilación no invasiva (CPAP); ecocardiograma transtorácico', 'Diuréticos IV; vasodilatadores; soporte inotrópico', 'Hernioplastia inguinal hace 10 años', 'Rx tórax: cardiomegalia y edema agudo de pulmón bilateral'),
(6, 'Colocación de catéter venoso central; intubación orotraqueal (ventilación mecánica)', 'Fluidoterapia agresiva; vasopresores; antibióticos de amplio espectro', 'Histerectomía total hace 5 años', 'TC abdominopélvico: signos de pielonefritis derecha con cálculo ureteral distal'),
(7, 'TAC craneal sin contraste; trombolisis IV con alteplasa', 'Control estricto de PA; terapia antiplaquetaria; rehabilitación temprana', 'Cirugía de cataratas bilateral hace 2 años', 'TC craneal: infarto isquémico en territorio de arteria cerebral media izquierda'),
(8, 'Ventilación mecánica no invasiva (BiPAP); espirometría de control', 'Broncodilatadores nebulizados; corticoides sistémicos; antibióticos', 'Cesárea a los 30 años', 'Rx tórax: hiperinsuflación pulmonar sin nuevos infiltrados'),
(9, 'Nebulizaciones continuas en urgencias; observación en UCI temporal', 'Broncodilatadores nebulizados; corticoides IV; sulfato de magnesio IV', 'Herniorrafia umbilical en la infancia', 'Rx tórax: sin hallazgos agudos, hiperinsuflación pulmonar'),
(10, 'Sonda nasogástrica para descompresión; cuidados intensivos iniciales', 'Hidratación IV masiva; analgesia opiácea; nutrición parenteral', 'Osteosíntesis de húmero derecho hace 8 años', 'TC abdominal: páncreas edematoso con inflamación peripancreática; no se observan cálculos biliares');


INSERT INTO Notas (paciente_pacienteId, fecha, nota) VALUES
(1,'2023-05-01',"**Día 1:** Paciente varón de 68 años con EPOC e HTA que ingresa por neumonía en lóbulo inferior derecho. Al ingreso presenta disnea moderada, fiebre de 38.8°C, saturación 88% ambiente y crepitantes basales derechos. Se inicia oxigenoterapia con mascarilla reservorio, antibioterapia empírica (ceftriaxona + azitromicina) y broncodilatadores inhalados. Hemocultivos tomados pendientes. Laboratorio inicial: leucocitosis 15 mil/µL con neutrofilia, PCR elevada. Rx tórax con infiltrado basal derecho. Plan: ingreso en Neumología, control de signos vitales c/8h, hidratación IV y fisioterapia respiratoria."),
(1,'2023-05-02',"**Día 2:** Continúa con antibióticos IV y O2 suplementario. Persiste algo de tos con esputo purulento, pero la disnea ha mejorado (SatO2 94% con O2). Temperatura máxima 38.5°C, cediendo a 37.8°C tras antipiréticos. Leucocitos 13 mil, PCR en descenso. Se auscultan menos crepitantes. Buen apego a nebulizaciones broncodilatadoras. Hemocultivos sin crecimiento hasta el momento. Plan: continuar igual, evaluar destete de oxígeno según saturación, repetir Rx tórax en 48h."),
(1,'2023-05-03',"**Día 3:** Evolución favorable. Afebril en las últimas 24h. SatO2 96% al aire ambiente, se retiró oxigenoterapia esta mañana. Leucocitos 10 mil. El paciente refiere mejoría notable de la disnea y la tos; expectoración más escasa y clara. En la auscultación pulmonar sólo se detectan roncus dispersos, sin nuevos hallazgos. Tolerando dieta oral completa. Se continúa fisioterapia respiratoria. Plan: completar 7 días de antibiótico IV y considerar cambio a vía oral, continuar movilización temprana."),
(1,'2023-05-04',"**Día 4:** Paciente en franca mejoría, sin dificultad respiratoria en reposo ni fiebre. Función respiratoria casi normal; saturación 98% en aire ambiente. Laboratorio: leucocitos 9 mil, PCR cercana a normal. Rx de tórax de control muestra clara mejoría del infiltrado. Se decide cambiar antibiótico a vía oral (azitromicina VO) para completar tratamiento ambulatorio. Plan: preparar alta para mañana, educar sobre signos de alarma y necesidad de seguimiento por neumología debido a EPOC."),
(1,'2023-05-05',"**Día 5:** Paciente estable y sin quejas. Afebril, ventilando adecuadamente. Se encuentra deambulando por la habitación sin disnea. Se revisan antecedentes de EPOC: se optimiza broncodilatador de mantenimiento y se indica continuar tiotropio inhalado en domicilio. Al alta saturación 98%, FC 78 lpm, PA 118/78. Se entregan instrucciones escritas, incluyendo completar 2 días más de antibiótico VO (azitromicina) y control con su médico de cabecera en una semana. Plan: Alta hospitalaria el día de hoy con diagnóstico de neumonía adquirida en la comunidad en resolución."),
(2,'2023-07-10',"**Día 1:** Paciente femenina de 75 años con factores de riesgo cardiovascular (HTA, hipercolesterolemia) ingresa por IAM anterior extenso. Ingresó hipotensa y diaforética; recibió angioplastia primaria con colocación de stent farmacoactivo en DA. En UCI cursa estable, PA 100/60 con leve soporte de noradrenalina, FC 95 lpm. Dolor torácico resuelto post-angioplastia. Enzimas cardíacas en ascenso (Troponina I positiva). Se inicia doble antiagregación (clopidogrel por alergia a AAS) y anticoagulación SC, más beta-bloqueo y estatina de alta intensidad. Plan: monitoreo estricto en UCI primeras 24h, controlar diuresis y signos de insuficiencia cardíaca."),
(2,'2023-07-11',"**Día 2:** Evolución favorable en UCI. Sin dolor torácico recurrente. PA 110/70 sin inotrópicos, FC 80 lpm con ritmo sinusal regular. Persiste ligera elevación térmica 37.8°C (probable reacción post IAM). Diuresis conservada. Ecocardiograma: aquinesia anteroseptal, FE 45%. Se mantiene oxígeno por puntas nasales a 2 L/min (SatO2 98%). Laboratorio: troponinas en descenso, leucocitos 10 mil. Continua en tratamiento con enoxaparina, clopidogrel, atorvastatina, bisoprolol y IECA iniciado (ramipril). Plan: traslado a Unidad Coronaria, deambulación suave asistida y vigilancia de ritmo."),
(2,'2023-07-12',"**Día 3:** Paciente trasladada a Unidad Coronaria. Sin complicaciones arrítmicas; monitoreo telemétrico sin arritmias. Estable hemodinámicamente (PA 115/75). Afebril en las últimas 24h. Tolerando dieta oral. Ha iniciado deambulación en pasillo sin dolor ni disnea. Se realiza doppler de MMII sin evidencias de TVP. Se continúa terapia: bisoprolol, ramipril, clopidogrel y atorvastatina; se añade aspirina a dosis baja dado que la reacción alérgica era a penicilina, no AAS (se prueba sin incidentes). Plan: educación sobre síndrome coronario agudo, ajustes de dosis de IECA según PA, posible alta en 48-72h si sigue estable."),
(2,'2023-07-13',"**Día 4:** Continúa mejoría. Paciente en sala general, sin dolor, sin disnea, estado general bueno. Se realiza prueba de esfuerzo submáxima que muestra buena tolerancia, sin angina ni arritmias. Laboratorio: glicemia y perfil lipídico controlados (LDL 70 mg/dL con estatina). Se refuerza educación en dieta hiposódica e hipograsa, adherencia a medicación y rehabilitación cardíaca. Plan: preparar alta para mañana con seguimiento por cardiología, indicar rehabilitación cardiaca ambulatoria y control estricto de factores de riesgo (PA, glucemia)."),
(2,'2023-07-14',"**Día 5:** Paciente en condiciones de alta. Sin eventos adversos en las últimas 48h. PA 120/80, FC 68 lpm, SatO2 98% AA. El infarto de miocardio se encuentra en fase de cicatrización; se explica necesidad de continuar doble antiagregación por 12 meses y luego indefinido con AAS, además de betabloqueante, IECA y estatina de por vida. Se entregan recetas y se coordina control en 1 semana con cardiología. La paciente comprende las indicaciones, incluyendo signos de alarma (dolor torácico, disnea) que ameriten volver a urgencias."),
(1,'2024-08-09',"El paciente presenta síntomas de fatiga persistente y mareos ocasionales. Se recomienda continuar con el uso del inhalador según indicaciones médicas. Se han detectado niveles elevados de glucosa en sangre, se recomienda ajuste en la medicación. El paciente refiere haber experimentado episodios de ansiedad en los últimos días. Se recomienda continuar con la medicación prescrita y realizar controles periódicos. El paciente refiere haber experimentado episodios de ansiedad en los últimos días. No se reportan signos de inflamación en la zona afectada. Se recomienda continuar con el uso del inhalador según indicaciones médicas. La presión arterial se encuentra estable tras el ajuste en la dosis de antihipertensivos. Se aconseja descanso adecuado y reducción del estrés para mejorar la calidad del sueño."),
(29,'2024-10-23',"Se han detectado niveles elevados de glucosa en sangre, se recomienda ajuste en la medicación. No se reportan signos de inflamación en la zona afectada. El paciente refiere haber experimentado episodios de ansiedad en los últimos días. Se ha programado una revisión para evaluar la respuesta al tratamiento en una semana. La presión arterial se encuentra estable tras el ajuste en la dosis de antihipertensivos. El examen físico muestra parámetros dentro de los rangos normales para su edad y condición. El examen físico muestra parámetros dentro de los rangos normales para su edad y condición. El examen físico muestra parámetros dentro de los rangos normales para su edad y condición. No se observan signos de infección en la evaluación clínica realizada hoy. Se recomienda continuar con el uso del inhalador según indicaciones médicas."),
(3,'2023-10-20',"Se ha programado una revisión para evaluar la respuesta al tratamiento en una semana. No se observan signos de infección en la evaluación clínica realizada hoy. Se recomienda continuar con la medicación prescrita y realizar controles periódicos. Se recomienda continuar con la medicación prescrita y realizar controles periódicos. Se recomienda continuar con el uso del inhalador según indicaciones médicas. Se recomienda aumentar la ingesta de líquidos y seguir una dieta balanceada. La presión arterial se encuentra estable tras el ajuste en la dosis de antihipertensivos. Se recomienda continuar con la medicación prescrita y realizar controles periódicos. No se reportan signos de inflamación en la zona afectada. No se observan signos de infección en la evaluación clínica realizada hoy."),
(30,'2024-04-14',"El paciente refiere haber experimentado episodios de ansiedad en los últimos días. No se reportan signos de inflamación en la zona afectada. El paciente sigue en observación por posibles complicaciones respiratorias. Se recomienda continuar con la medicación prescrita y realizar controles periódicos. La presión arterial se encuentra estable tras el ajuste en la dosis de antihipertensivos. No se presentan reacciones adversas al medicamento administrado. El paciente sigue en observación por posibles complicaciones respiratorias. Se han detectado niveles elevados de glucosa en sangre, se recomienda ajuste en la medicación. Se recomienda aumentar la ingesta de líquidos y seguir una dieta balanceada. No se reportan signos de inflamación en la zona afectada."),
(16,'2024-05-17',"Se recomienda aumentar la ingesta de líquidos y seguir una dieta balanceada. No se reportan signos de inflamación en la zona afectada. La presión arterial se encuentra estable tras el ajuste en la dosis de antihipertensivos. No se presentan reacciones adversas al medicamento administrado. El paciente sigue en observación por posibles complicaciones respiratorias. No se observan signos de infección en la evaluación clínica realizada hoy. Se ha programado una revisión para evaluar la respuesta al tratamiento en una semana. El examen físico muestra parámetros dentro de los rangos normales para su edad y condición. El paciente presenta síntomas de fatiga persistente y mareos ocasionales. El paciente presenta síntomas de fatiga persistente y mareos ocasionales."),
(7,'2025-01-30',"Se recomienda continuar con la medicación prescrita y realizar controles periódicos. Se han detectado niveles elevados de glucosa en sangre, se recomienda ajuste en la medicación. Se recomienda aumentar la ingesta de líquidos y seguir una dieta balanceada. El paciente reporta mejoría en el dolor articular tras el tratamiento con antiinflamatorios. No se reportan signos de inflamación en la zona afectada. La presión arterial se encuentra estable tras el ajuste en la dosis de antihipertensivos. Se recomienda continuar con la medicación prescrita y realizar controles periódicos. El paciente refiere haber experimentado episodios de ansiedad en los últimos días. No se presentan reacciones adversas al medicamento administrado. El paciente refiere haber experimentado episodios de ansiedad en los últimos días."),
(1,'2025-01-30',"Se aconseja descanso adecuado y reducción del estrés para mejorar la calidad del sueño. Se aconseja descanso adecuado y reducción del estrés para mejorar la calidad del sueño. Se recomienda continuar con la medicación prescrita y realizar controles periódicos. El paciente reporta mejoría en el dolor articular tras el tratamiento con antiinflamatorios. Se recomienda continuar con el uso del inhalador según indicaciones médicas. El paciente reporta mejoría en el dolor articular tras el tratamiento con antiinflamatorios. No se presentan reacciones adversas al medicamento administrado. Se han detectado niveles elevados de glucosa en sangre, se recomienda ajuste en la medicación. No se observan signos de infección en la evaluación clínica realizada hoy. Se aconseja descanso adecuado y reducción del estrés para mejorar la calidad del sueño."),
(25,'2024-04-03',"El paciente sigue en observación por posibles complicaciones respiratorias. Se recomienda continuar con la medicación prescrita y realizar controles periódicos. El paciente presenta síntomas de fatiga persistente y mareos ocasionales. Se recomienda aumentar la ingesta de líquidos y seguir una dieta balanceada. No se observan signos de infección en la evaluación clínica realizada hoy. Se recomienda continuar con la medicación prescrita y realizar controles periódicos. Se recomienda aumentar la ingesta de líquidos y seguir una dieta balanceada. Se recomienda continuar con el uso del inhalador según indicaciones médicas. Se han detectado niveles elevados de glucosa en sangre, se recomienda ajuste en la medicación. Se recomienda continuar con el uso del inhalador según indicaciones médicas."),
(5,'2024-02-20',"Se han detectado niveles elevados de glucosa en sangre, se recomienda ajuste en la medicación. El paciente sigue en observación por posibles complicaciones respiratorias. Se recomienda aumentar la ingesta de líquidos y seguir una dieta balanceada. La presión arterial se encuentra estable tras el ajuste en la dosis de antihipertensivos. Se ha programado una revisión para evaluar la respuesta al tratamiento en una semana. Se recomienda continuar con el uso del inhalador según indicaciones médicas. Se recomienda aumentar la ingesta de líquidos y seguir una dieta balanceada. Se recomienda continuar con la medicación prescrita y realizar controles periódicos. Se aconseja descanso adecuado y reducción del estrés para mejorar la calidad del sueño. El examen físico muestra parámetros dentro de los rangos normales para su edad y condición."),
(15,'2023-09-04',"El paciente reporta mejoría en el dolor articular tras el tratamiento con antiinflamatorios. Se han detectado niveles elevados de glucosa en sangre, se recomienda ajuste en la medicación. Se aconseja descanso adecuado y reducción del estrés para mejorar la calidad del sueño. Se recomienda aumentar la ingesta de líquidos y seguir una dieta balanceada. Se ha programado una revisión para evaluar la respuesta al tratamiento en una semana. El paciente refiere haber experimentado episodios de ansiedad en los últimos días. Se aconseja descanso adecuado y reducción del estrés para mejorar la calidad del sueño. No se observan signos de infección en la evaluación clínica realizada hoy. Se recomienda continuar con la medicación prescrita y realizar controles periódicos. No se reportan signos de inflamación en la zona afectada."),
(11,'2025-01-27',"Se ha programado una revisión para evaluar la respuesta al tratamiento en una semana. Se ha programado una revisión para evaluar la respuesta al tratamiento en una semana. No se reportan signos de inflamación en la zona afectada. Se ha programado una revisión para evaluar la respuesta al tratamiento en una semana. El paciente refiere haber experimentado episodios de ansiedad en los últimos días. No se reportan signos de inflamación en la zona afectada. El paciente refiere haber experimentado episodios de ansiedad en los últimos días. Se ha programado una revisión para evaluar la respuesta al tratamiento en una semana. No se observan signos de infección en la evaluación clínica realizada hoy. No se presentan reacciones adversas al medicamento administrado."),
(27,'2024-06-11',"Se recomienda continuar con el uso del inhalador según indicaciones médicas. La presión arterial se encuentra estable tras el ajuste en la dosis de antihipertensivos. No se observan signos de infección en la evaluación clínica realizada hoy. Se aconseja descanso adecuado y reducción del estrés para mejorar la calidad del sueño. El paciente refiere haber experimentado episodios de ansiedad en los últimos días. No se observan signos de infección en la evaluación clínica realizada hoy. No se presentan reacciones adversas al medicamento administrado. Se recomienda aumentar la ingesta de líquidos y seguir una dieta balanceada. Se recomienda aumentar la ingesta de líquidos y seguir una dieta balanceada. El paciente reporta mejoría en el dolor articular tras el tratamiento con antiinflamatorios."),
(17,'2023-12-14',"Se han detectado niveles elevados de glucosa en sangre, se recomienda ajuste en la medicación. Se recomienda continuar con la medicación prescrita y realizar controles periódicos. Se recomienda aumentar la ingesta de líquidos y seguir una dieta balanceada. Se ha programado una revisión para evaluar la respuesta al tratamiento en una semana. No se presentan reacciones adversas al medicamento administrado. El examen físico muestra parámetros dentro de los rangos normales para su edad y condición. No se reportan signos de inflamación en la zona afectada. Se recomienda continuar con el uso del inhalador según indicaciones médicas. No se observan signos de infección en la evaluación clínica realizada hoy. No se reportan signos de inflamación en la zona afectada."),
(30,'2023-06-27',"El paciente sigue en observación por posibles complicaciones respiratorias. Se han detectado niveles elevados de glucosa en sangre, se recomienda ajuste en la medicación. Se han detectado niveles elevados de glucosa en sangre, se recomienda ajuste en la medicación. Se aconseja descanso adecuado y reducción del estrés para mejorar la calidad del sueño. Se aconseja descanso adecuado y reducción del estrés para mejorar la calidad del sueño. No se observan signos de infección en la evaluación clínica realizada hoy. No se reportan signos de inflamación en la zona afectada. No se reportan signos de inflamación en la zona afectada. El paciente reporta mejoría en el dolor articular tras el tratamiento con antiinflamatorios. Se recomienda aumentar la ingesta de líquidos y seguir una dieta balanceada."),
(13,'2024-05-18',"No se reportan signos de inflamación en la zona afectada. No se presentan reacciones adversas al medicamento administrado. Se recomienda continuar con el uso del inhalador según indicaciones médicas. El paciente reporta mejoría en el dolor articular tras el tratamiento con antiinflamatorios. No se reportan signos de inflamación en la zona afectada. El paciente presenta síntomas de fatiga persistente y mareos ocasionales. El examen físico muestra parámetros dentro de los rangos normales para su edad y condición. El paciente refiere haber experimentado episodios de ansiedad en los últimos días. Se aconseja descanso adecuado y reducción del estrés para mejorar la calidad del sueño. No se observan signos de infección en la evaluación clínica realizada hoy."),
(24,'2023-10-10',"Se recomienda continuar con la medicación prescrita y realizar controles periódicos. Se aconseja descanso adecuado y reducción del estrés para mejorar la calidad del sueño. Se recomienda continuar con el uso del inhalador según indicaciones médicas. No se reportan signos de inflamación en la zona afectada. El paciente presenta síntomas de fatiga persistente y mareos ocasionales. El paciente presenta síntomas de fatiga persistente y mareos ocasionales. El paciente presenta síntomas de fatiga persistente y mareos ocasionales. Se recomienda continuar con la medicación prescrita y realizar controles periódicos. El examen físico muestra parámetros dentro de los rangos normales para su edad y condición. La presión arterial se encuentra estable tras el ajuste en la dosis de antihipertensivos."),
(26,'2023-10-08',"Se recomienda continuar con el uso del inhalador según indicaciones médicas. Se recomienda continuar con el uso del inhalador según indicaciones médicas. Se han detectado niveles elevados de glucosa en sangre, se recomienda ajuste en la medicación. La presión arterial se encuentra estable tras el ajuste en la dosis de antihipertensivos. Se recomienda continuar con la medicación prescrita y realizar controles periódicos. No se reportan signos de inflamación en la zona afectada. El examen físico muestra parámetros dentro de los rangos normales para su edad y condición. El paciente reporta mejoría en el dolor articular tras el tratamiento con antiinflamatorios. La presión arterial se encuentra estable tras el ajuste en la dosis de antihipertensivos. Se recomienda continuar con el uso del inhalador según indicaciones médicas."),
(16,'2024-05-16',"Se aconseja descanso adecuado y reducción del estrés para mejorar la calidad del sueño. Se recomienda continuar con el uso del inhalador según indicaciones médicas. Se recomienda continuar con el uso del inhalador según indicaciones médicas. No se observan signos de infección en la evaluación clínica realizada hoy. Se recomienda continuar con la medicación prescrita y realizar controles periódicos. El paciente presenta síntomas de fatiga persistente y mareos ocasionales. No se reportan signos de inflamación en la zona afectada. El paciente reporta mejoría en el dolor articular tras el tratamiento con antiinflamatorios. Se recomienda aumentar la ingesta de líquidos y seguir una dieta balanceada. El examen físico muestra parámetros dentro de los rangos normales para su edad y condición."),
(20,'2023-12-17',"Se han detectado niveles elevados de glucosa en sangre, se recomienda ajuste en la medicación. Se recomienda continuar con el uso del inhalador según indicaciones médicas. Se aconseja descanso adecuado y reducción del estrés para mejorar la calidad del sueño. La presión arterial se encuentra estable tras el ajuste en la dosis de antihipertensivos. Se recomienda continuar con la medicación prescrita y realizar controles periódicos. No se presentan reacciones adversas al medicamento administrado. El examen físico muestra parámetros dentro de los rangos normales para su edad y condición. Se ha programado una revisión para evaluar la respuesta al tratamiento en una semana. No se reportan signos de inflamación en la zona afectada. No se reportan signos de inflamación en la zona afectada."),
(19,'2023-05-27',"No se observan signos de infección en la evaluación clínica realizada hoy. El paciente presenta síntomas de fatiga persistente y mareos ocasionales. Se recomienda continuar con el uso del inhalador según indicaciones médicas. Se aconseja descanso adecuado y reducción del estrés para mejorar la calidad del sueño. No se reportan signos de inflamación en la zona afectada. Se recomienda continuar con la medicación prescrita y realizar controles periódicos. Se ha programado una revisión para evaluar la respuesta al tratamiento en una semana. Se han detectado niveles elevados de glucosa en sangre, se recomienda ajuste en la medicación. Se aconseja descanso adecuado y reducción del estrés para mejorar la calidad del sueño. No se reportan signos de inflamación en la zona afectada."),
(26,'2023-05-03',"Se han detectado niveles elevados de glucosa en sangre, se recomienda ajuste en la medicación. El examen físico muestra parámetros dentro de los rangos normales para su edad y condición. Se recomienda continuar con el uso del inhalador según indicaciones médicas. No se reportan signos de inflamación en la zona afectada. El paciente presenta síntomas de fatiga persistente y mareos ocasionales. No se reportan signos de inflamación en la zona afectada. No se observan signos de infección en la evaluación clínica realizada hoy. Se aconseja descanso adecuado y reducción del estrés para mejorar la calidad del sueño. El examen físico muestra parámetros dentro de los rangos normales para su edad y condición. El paciente sigue en observación por posibles complicaciones respiratorias."),
(23,'2023-05-28',"Se aconseja descanso adecuado y reducción del estrés para mejorar la calidad del sueño. Se han detectado niveles elevados de glucosa en sangre, se recomienda ajuste en la medicación. Se aconseja descanso adecuado y reducción del estrés para mejorar la calidad del sueño. El paciente sigue en observación por posibles complicaciones respiratorias. Se recomienda aumentar la ingesta de líquidos y seguir una dieta balanceada. No se presentan reacciones adversas al medicamento administrado. No se observan signos de infección en la evaluación clínica realizada hoy. La presión arterial se encuentra estable tras el ajuste en la dosis de antihipertensivos. Se recomienda continuar con el uso del inhalador según indicaciones médicas. Se ha programado una revisión para evaluar la respuesta al tratamiento en una semana."),
(19,'2024-05-10',"Se han detectado niveles elevados de glucosa en sangre, se recomienda ajuste en la medicación. Se han detectado niveles elevados de glucosa en sangre, se recomienda ajuste en la medicación. Se recomienda aumentar la ingesta de líquidos y seguir una dieta balanceada. No se presentan reacciones adversas al medicamento administrado. Se ha programado una revisión para evaluar la respuesta al tratamiento en una semana. Se aconseja descanso adecuado y reducción del estrés para mejorar la calidad del sueño. No se presentan reacciones adversas al medicamento administrado. El paciente refiere haber experimentado episodios de ansiedad en los últimos días. El examen físico muestra parámetros dentro de los rangos normales para su edad y condición. El paciente refiere haber experimentado episodios de ansiedad en los últimos días."),
(10,'2024-01-03',"Se recomienda continuar con la medicación prescrita y realizar controles periódicos. Se recomienda continuar con el uso del inhalador según indicaciones médicas. El examen físico muestra parámetros dentro de los rangos normales para su edad y condición. El paciente sigue en observación por posibles complicaciones respiratorias. El paciente reporta mejoría en el dolor articular tras el tratamiento con antiinflamatorios. Se ha programado una revisión para evaluar la respuesta al tratamiento en una semana. Se recomienda continuar con el uso del inhalador según indicaciones médicas. Se han detectado niveles elevados de glucosa en sangre, se recomienda ajuste en la medicación. El paciente presenta síntomas de fatiga persistente y mareos ocasionales. No se reportan signos de inflamación en la zona afectada."),
(4,'2024-11-24',"Se recomienda aumentar la ingesta de líquidos y seguir una dieta balanceada. Se aconseja descanso adecuado y reducción del estrés para mejorar la calidad del sueño. El paciente reporta mejoría en el dolor articular tras el tratamiento con antiinflamatorios. No se reportan signos de inflamación en la zona afectada. No se reportan signos de inflamación en la zona afectada. La presión arterial se encuentra estable tras el ajuste en la dosis de antihipertensivos. No se observan signos de infección en la evaluación clínica realizada hoy. El paciente sigue en observación por posibles complicaciones respiratorias. Se ha programado una revisión para evaluar la respuesta al tratamiento en una semana. No se presentan reacciones adversas al medicamento administrado."),
(4,'2023-04-21',"El paciente sigue en observación por posibles complicaciones respiratorias. El examen físico muestra parámetros dentro de los rangos normales para su edad y condición. Se ha programado una revisión para evaluar la respuesta al tratamiento en una semana. El paciente refiere haber experimentado episodios de ansiedad en los últimos días. Se han detectado niveles elevados de glucosa en sangre, se recomienda ajuste en la medicación. Se aconseja descanso adecuado y reducción del estrés para mejorar la calidad del sueño. Se ha programado una revisión para evaluar la respuesta al tratamiento en una semana. El examen físico muestra parámetros dentro de los rangos normales para su edad y condición. No se observan signos de infección en la evaluación clínica realizada hoy. No se observan signos de infección en la evaluación clínica realizada hoy."),
(12,'2024-12-11',"El paciente reporta mejoría en el dolor articular tras el tratamiento con antiinflamatorios. No se presentan reacciones adversas al medicamento administrado. No se observan signos de infección en la evaluación clínica realizada hoy. Se recomienda continuar con el uso del inhalador según indicaciones médicas. No se reportan signos de inflamación en la zona afectada. Se recomienda aumentar la ingesta de líquidos y seguir una dieta balanceada. Se aconseja descanso adecuado y reducción del estrés para mejorar la calidad del sueño. Se aconseja descanso adecuado y reducción del estrés para mejorar la calidad del sueño. El paciente presenta síntomas de fatiga persistente y mareos ocasionales. Se ha programado una revisión para evaluar la respuesta al tratamiento en una semana."),
(28,'2024-02-14',"El examen físico muestra parámetros dentro de los rangos normales para su edad y condición. Se recomienda continuar con la medicación prescrita y realizar controles periódicos. La presión arterial se encuentra estable tras el ajuste en la dosis de antihipertensivos. Se aconseja descanso adecuado y reducción del estrés para mejorar la calidad del sueño. Se recomienda aumentar la ingesta de líquidos y seguir una dieta balanceada. El examen físico muestra parámetros dentro de los rangos normales para su edad y condición. El paciente presenta síntomas de fatiga persistente y mareos ocasionales. El paciente presenta síntomas de fatiga persistente y mareos ocasionales. No se presentan reacciones adversas al medicamento administrado. Se han detectado niveles elevados de glucosa en sangre, se recomienda ajuste en la medicación."),
(22,'2024-02-18',"El examen físico muestra parámetros dentro de los rangos normales para su edad y condición. El paciente sigue en observación por posibles complicaciones respiratorias. No se observan signos de infección en la evaluación clínica realizada hoy. Se ha programado una revisión para evaluar la respuesta al tratamiento en una semana. El paciente refiere haber experimentado episodios de ansiedad en los últimos días. Se han detectado niveles elevados de glucosa en sangre, se recomienda ajuste en la medicación. No se presentan reacciones adversas al medicamento administrado. No se presentan reacciones adversas al medicamento administrado. Se han detectado niveles elevados de glucosa en sangre, se recomienda ajuste en la medicación. Se han detectado niveles elevados de glucosa en sangre, se recomienda ajuste en la medicación."),
(9,'2025-03-03',"La presión arterial se encuentra estable tras el ajuste en la dosis de antihipertensivos. Se han detectado niveles elevados de glucosa en sangre, se recomienda ajuste en la medicación. El paciente reporta mejoría en el dolor articular tras el tratamiento con antiinflamatorios. Se ha programado una revisión para evaluar la respuesta al tratamiento en una semana. Se han detectado niveles elevados de glucosa en sangre, se recomienda ajuste en la medicación. Se recomienda continuar con el uso del inhalador según indicaciones médicas. Se aconseja descanso adecuado y reducción del estrés para mejorar la calidad del sueño. El paciente refiere haber experimentado episodios de ansiedad en los últimos días. Se han detectado niveles elevados de glucosa en sangre, se recomienda ajuste en la medicación. El paciente refiere haber experimentado episodios de ansiedad en los últimos días."),
(27,'2024-04-29',"La presión arterial se encuentra estable tras el ajuste en la dosis de antihipertensivos. Se aconseja descanso adecuado y reducción del estrés para mejorar la calidad del sueño. El paciente sigue en observación por posibles complicaciones respiratorias. La presión arterial se encuentra estable tras el ajuste en la dosis de antihipertensivos. El paciente presenta síntomas de fatiga persistente y mareos ocasionales. Se recomienda continuar con la medicación prescrita y realizar controles periódicos. El paciente presenta síntomas de fatiga persistente y mareos ocasionales. Se ha programado una revisión para evaluar la respuesta al tratamiento en una semana. Se aconseja descanso adecuado y reducción del estrés para mejorar la calidad del sueño. Se aconseja descanso adecuado y reducción del estrés para mejorar la calidad del sueño."),
(19,'2024-11-03',"El paciente refiere haber experimentado episodios de ansiedad en los últimos días. Se ha programado una revisión para evaluar la respuesta al tratamiento en una semana. Se recomienda continuar con la medicación prescrita y realizar controles periódicos. La presión arterial se encuentra estable tras el ajuste en la dosis de antihipertensivos. El paciente refiere haber experimentado episodios de ansiedad en los últimos días. No se presentan reacciones adversas al medicamento administrado. No se observan signos de infección en la evaluación clínica realizada hoy. Se aconseja descanso adecuado y reducción del estrés para mejorar la calidad del sueño. El paciente refiere haber experimentado episodios de ansiedad en los últimos días. No se presentan reacciones adversas al medicamento administrado."),
(28,'2025-02-07',"Se recomienda continuar con la medicación prescrita y realizar controles periódicos. El paciente reporta mejoría en el dolor articular tras el tratamiento con antiinflamatorios. Se ha programado una revisión para evaluar la respuesta al tratamiento en una semana. No se reportan signos de inflamación en la zona afectada. Se aconseja descanso adecuado y reducción del estrés para mejorar la calidad del sueño. El paciente reporta mejoría en el dolor articular tras el tratamiento con antiinflamatorios. El paciente sigue en observación por posibles complicaciones respiratorias. Se aconseja descanso adecuado y reducción del estrés para mejorar la calidad del sueño. Se recomienda continuar con la medicación prescrita y realizar controles periódicos. La presión arterial se encuentra estable tras el ajuste en la dosis de antihipertensivos."),
(16,'2023-05-27',"El paciente reporta mejoría en el dolor articular tras el tratamiento con antiinflamatorios. El paciente presenta síntomas de fatiga persistente y mareos ocasionales. El paciente presenta síntomas de fatiga persistente y mareos ocasionales. El paciente sigue en observación por posibles complicaciones respiratorias. No se presentan reacciones adversas al medicamento administrado. No se reportan signos de inflamación en la zona afectada. Se ha programado una revisión para evaluar la respuesta al tratamiento en una semana. No se presentan reacciones adversas al medicamento administrado. El paciente sigue en observación por posibles complicaciones respiratorias. El paciente presenta síntomas de fatiga persistente y mareos ocasionales."),
(7,'2023-10-07',"La presión arterial se encuentra estable tras el ajuste en la dosis de antihipertensivos. Se recomienda aumentar la ingesta de líquidos y seguir una dieta balanceada. El paciente refiere haber experimentado episodios de ansiedad en los últimos días. Se ha programado una revisión para evaluar la respuesta al tratamiento en una semana. El paciente sigue en observación por posibles complicaciones respiratorias. Se recomienda continuar con el uso del inhalador según indicaciones médicas. El paciente reporta mejoría en el dolor articular tras el tratamiento con antiinflamatorios. No se observan signos de infección en la evaluación clínica realizada hoy. Se aconseja descanso adecuado y reducción del estrés para mejorar la calidad del sueño. Se recomienda continuar con el uso del inhalador según indicaciones médicas."),
(14,'2024-09-14',"El paciente reporta mejoría en el dolor articular tras el tratamiento con antiinflamatorios. El paciente refiere haber experimentado episodios de ansiedad en los últimos días. Se recomienda aumentar la ingesta de líquidos y seguir una dieta balanceada. No se presentan reacciones adversas al medicamento administrado. Se ha programado una revisión para evaluar la respuesta al tratamiento en una semana. Se recomienda continuar con la medicación prescrita y realizar controles periódicos. Se recomienda aumentar la ingesta de líquidos y seguir una dieta balanceada. El paciente presenta síntomas de fatiga persistente y mareos ocasionales. No se reportan signos de inflamación en la zona afectada. No se observan signos de infección en la evaluación clínica realizada hoy."),
(20,'2024-08-23',"Se ha programado una revisión para evaluar la respuesta al tratamiento en una semana. Se recomienda aumentar la ingesta de líquidos y seguir una dieta balanceada. El paciente sigue en observación por posibles complicaciones respiratorias. Se ha programado una revisión para evaluar la respuesta al tratamiento en una semana. Se recomienda continuar con el uso del inhalador según indicaciones médicas. No se presentan reacciones adversas al medicamento administrado. No se presentan reacciones adversas al medicamento administrado. No se reportan signos de inflamación en la zona afectada. No se reportan signos de inflamación en la zona afectada. Se recomienda continuar con la medicación prescrita y realizar controles periódicos."),
(17,'2023-07-19',"Se ha programado una revisión para evaluar la respuesta al tratamiento en una semana. Se recomienda continuar con el uso del inhalador según indicaciones médicas. El paciente presenta síntomas de fatiga persistente y mareos ocasionales. Se recomienda continuar con la medicación prescrita y realizar controles periódicos. El paciente reporta mejoría en el dolor articular tras el tratamiento con antiinflamatorios. No se reportan signos de inflamación en la zona afectada. Se recomienda continuar con la medicación prescrita y realizar controles periódicos. La presión arterial se encuentra estable tras el ajuste en la dosis de antihipertensivos. No se observan signos de infección en la evaluación clínica realizada hoy. El examen físico muestra parámetros dentro de los rangos normales para su edad y condición."),
(3,'2024-08-31',"La presión arterial se encuentra estable tras el ajuste en la dosis de antihipertensivos. Se recomienda aumentar la ingesta de líquidos y seguir una dieta balanceada. Se aconseja descanso adecuado y reducción del estrés para mejorar la calidad del sueño. Se aconseja descanso adecuado y reducción del estrés para mejorar la calidad del sueño. Se recomienda continuar con el uso del inhalador según indicaciones médicas. Se aconseja descanso adecuado y reducción del estrés para mejorar la calidad del sueño. No se presentan reacciones adversas al medicamento administrado. Se ha programado una revisión para evaluar la respuesta al tratamiento en una semana. Se recomienda continuar con la medicación prescrita y realizar controles periódicos. Se recomienda continuar con el uso del inhalador según indicaciones médicas."),
(9,'2023-12-22',"No se observan signos de infección en la evaluación clínica realizada hoy. Se recomienda continuar con la medicación prescrita y realizar controles periódicos. Se aconseja descanso adecuado y reducción del estrés para mejorar la calidad del sueño. El paciente sigue en observación por posibles complicaciones respiratorias. No se presentan reacciones adversas al medicamento administrado. No se reportan signos de inflamación en la zona afectada. Se recomienda continuar con el uso del inhalador según indicaciones médicas. No se presentan reacciones adversas al medicamento administrado. Se recomienda continuar con la medicación prescrita y realizar controles periódicos. El paciente sigue en observación por posibles complicaciones respiratorias."),
(14,'2025-01-17',"Se recomienda continuar con el uso del inhalador según indicaciones médicas. No se reportan signos de inflamación en la zona afectada. Se aconseja descanso adecuado y reducción del estrés para mejorar la calidad del sueño. El paciente presenta síntomas de fatiga persistente y mareos ocasionales. No se observan signos de infección en la evaluación clínica realizada hoy. El paciente reporta mejoría en el dolor articular tras el tratamiento con antiinflamatorios. Se recomienda continuar con la medicación prescrita y realizar controles periódicos. No se reportan signos de inflamación en la zona afectada. Se aconseja descanso adecuado y reducción del estrés para mejorar la calidad del sueño. La presión arterial se encuentra estable tras el ajuste en la dosis de antihipertensivos."),
(3,'2024-06-26',"No se reportan signos de inflamación en la zona afectada. El examen físico muestra parámetros dentro de los rangos normales para su edad y condición. No se presentan reacciones adversas al medicamento administrado. Se recomienda continuar con la medicación prescrita y realizar controles periódicos. No se presentan reacciones adversas al medicamento administrado. No se presentan reacciones adversas al medicamento administrado. El paciente presenta síntomas de fatiga persistente y mareos ocasionales. La presión arterial se encuentra estable tras el ajuste en la dosis de antihipertensivos. El paciente sigue en observación por posibles complicaciones respiratorias. El paciente refiere haber experimentado episodios de ansiedad en los últimos días."),
(9,'2023-05-04',"El paciente reporta mejoría en el dolor articular tras el tratamiento con antiinflamatorios. El paciente refiere haber experimentado episodios de ansiedad en los últimos días. No se presentan reacciones adversas al medicamento administrado. No se reportan signos de inflamación en la zona afectada. Se recomienda continuar con el uso del inhalador según indicaciones médicas. Se han detectado niveles elevados de glucosa en sangre, se recomienda ajuste en la medicación. Se han detectado niveles elevados de glucosa en sangre, se recomienda ajuste en la medicación. El paciente sigue en observación por posibles complicaciones respiratorias. Se han detectado niveles elevados de glucosa en sangre, se recomienda ajuste en la medicación. El paciente sigue en observación por posibles complicaciones respiratorias."),
(17,'2024-02-29',"El examen físico muestra parámetros dentro de los rangos normales para su edad y condición. No se observan signos de infección en la evaluación clínica realizada hoy. Se aconseja descanso adecuado y reducción del estrés para mejorar la calidad del sueño. El paciente refiere haber experimentado episodios de ansiedad en los últimos días. Se recomienda aumentar la ingesta de líquidos y seguir una dieta balanceada. Se ha programado una revisión para evaluar la respuesta al tratamiento en una semana. Se recomienda continuar con la medicación prescrita y realizar controles periódicos. No se reportan signos de inflamación en la zona afectada. Se han detectado niveles elevados de glucosa en sangre, se recomienda ajuste en la medicación. El paciente reporta mejoría en el dolor articular tras el tratamiento con antiinflamatorios."),
(26,'2023-05-01',"No se observan signos de infección en la evaluación clínica realizada hoy. El paciente presenta síntomas de fatiga persistente y mareos ocasionales. El examen físico muestra parámetros dentro de los rangos normales para su edad y condición. El paciente reporta mejoría en el dolor articular tras el tratamiento con antiinflamatorios. No se reportan signos de inflamación en la zona afectada. El examen físico muestra parámetros dentro de los rangos normales para su edad y condición. El paciente sigue en observación por posibles complicaciones respiratorias. Se recomienda continuar con el uso del inhalador según indicaciones médicas. El paciente sigue en observación por posibles complicaciones respiratorias. No se reportan signos de inflamación en la zona afectada."),
(10,'2023-03-12',"Se recomienda continuar con la medicación prescrita y realizar controles periódicos. El paciente refiere haber experimentado episodios de ansiedad en los últimos días. Se recomienda continuar con la medicación prescrita y realizar controles periódicos. Se ha programado una revisión para evaluar la respuesta al tratamiento en una semana. Se aconseja descanso adecuado y reducción del estrés para mejorar la calidad del sueño. Se aconseja descanso adecuado y reducción del estrés para mejorar la calidad del sueño. No se presentan reacciones adversas al medicamento administrado. El paciente refiere haber experimentado episodios de ansiedad en los últimos días. Se han detectado niveles elevados de glucosa en sangre, se recomienda ajuste en la medicación. Se ha programado una revisión para evaluar la respuesta al tratamiento en una semana."),
(3,'2024-03-17',"Se recomienda continuar con el uso del inhalador según indicaciones médicas. El paciente sigue en observación por posibles complicaciones respiratorias. Se recomienda continuar con la medicación prescrita y realizar controles periódicos. El paciente presenta síntomas de fatiga persistente y mareos ocasionales. Se recomienda continuar con la medicación prescrita y realizar controles periódicos. No se reportan signos de inflamación en la zona afectada. No se presentan reacciones adversas al medicamento administrado. El paciente sigue en observación por posibles complicaciones respiratorias. Se aconseja descanso adecuado y reducción del estrés para mejorar la calidad del sueño. No se reportan signos de inflamación en la zona afectada."),
(19,'2024-09-23',"Se ha programado una revisión para evaluar la respuesta al tratamiento en una semana. Se ha programado una revisión para evaluar la respuesta al tratamiento en una semana. El paciente reporta mejoría en el dolor articular tras el tratamiento con antiinflamatorios. No se observan signos de infección en la evaluación clínica realizada hoy. El paciente presenta síntomas de fatiga persistente y mareos ocasionales. Se recomienda aumentar la ingesta de líquidos y seguir una dieta balanceada. Se recomienda aumentar la ingesta de líquidos y seguir una dieta balanceada. Se recomienda aumentar la ingesta de líquidos y seguir una dieta balanceada. El paciente reporta mejoría en el dolor articular tras el tratamiento con antiinflamatorios. Se ha programado una revisión para evaluar la respuesta al tratamiento en una semana."),
(7,'2024-04-02',"Se recomienda continuar con la medicación prescrita y realizar controles periódicos. Se recomienda continuar con la medicación prescrita y realizar controles periódicos. Se ha programado una revisión para evaluar la respuesta al tratamiento en una semana. No se reportan signos de inflamación en la zona afectada. No se observan signos de infección en la evaluación clínica realizada hoy. El paciente reporta mejoría en el dolor articular tras el tratamiento con antiinflamatorios. El paciente presenta síntomas de fatiga persistente y mareos ocasionales. Se recomienda continuar con el uso del inhalador según indicaciones médicas. La presión arterial se encuentra estable tras el ajuste en la dosis de antihipertensivos. Se aconseja descanso adecuado y reducción del estrés para mejorar la calidad del sueño."),
(4,'2024-10-25',"Se recomienda aumentar la ingesta de líquidos y seguir una dieta balanceada. Se recomienda continuar con la medicación prescrita y realizar controles periódicos. Se recomienda continuar con la medicación prescrita y realizar controles periódicos. El paciente sigue en observación por posibles complicaciones respiratorias. El examen físico muestra parámetros dentro de los rangos normales para su edad y condición. El paciente sigue en observación por posibles complicaciones respiratorias. El paciente sigue en observación por posibles complicaciones respiratorias. Se recomienda aumentar la ingesta de líquidos y seguir una dieta balanceada. Se recomienda continuar con la medicación prescrita y realizar controles periódicos. Se recomienda aumentar la ingesta de líquidos y seguir una dieta balanceada."),
(19,'2024-03-17',"Se ha programado una revisión para evaluar la respuesta al tratamiento en una semana. Se ha programado una revisión para evaluar la respuesta al tratamiento en una semana. El paciente presenta síntomas de fatiga persistente y mareos ocasionales. No se presentan reacciones adversas al medicamento administrado. No se presentan reacciones adversas al medicamento administrado. El paciente sigue en observación por posibles complicaciones respiratorias. Se han detectado niveles elevados de glucosa en sangre, se recomienda ajuste en la medicación. El paciente sigue en observación por posibles complicaciones respiratorias. El examen físico muestra parámetros dentro de los rangos normales para su edad y condición. Se han detectado niveles elevados de glucosa en sangre, se recomienda ajuste en la medicación."),
(28,'2024-09-11',"Se recomienda continuar con la medicación prescrita y realizar controles periódicos. No se presentan reacciones adversas al medicamento administrado. Se recomienda aumentar la ingesta de líquidos y seguir una dieta balanceada. No se reportan signos de inflamación en la zona afectada. Se han detectado niveles elevados de glucosa en sangre, se recomienda ajuste en la medicación. Se han detectado niveles elevados de glucosa en sangre, se recomienda ajuste en la medicación. No se reportan signos de inflamación en la zona afectada. El paciente presenta síntomas de fatiga persistente y mareos ocasionales. Se aconseja descanso adecuado y reducción del estrés para mejorar la calidad del sueño. El paciente presenta síntomas de fatiga persistente y mareos ocasionales."),
(27,'2023-11-29',"No se reportan signos de inflamación en la zona afectada. El paciente sigue en observación por posibles complicaciones respiratorias. El paciente presenta síntomas de fatiga persistente y mareos ocasionales. El paciente refiere haber experimentado episodios de ansiedad en los últimos días. El paciente sigue en observación por posibles complicaciones respiratorias. Se recomienda continuar con la medicación prescrita y realizar controles periódicos. No se presentan reacciones adversas al medicamento administrado. El paciente sigue en observación por posibles complicaciones respiratorias. El paciente presenta síntomas de fatiga persistente y mareos ocasionales. El paciente reporta mejoría en el dolor articular tras el tratamiento con antiinflamatorios."),
(27,'2024-07-18',"Se aconseja descanso adecuado y reducción del estrés para mejorar la calidad del sueño. La presión arterial se encuentra estable tras el ajuste en la dosis de antihipertensivos. El paciente reporta mejoría en el dolor articular tras el tratamiento con antiinflamatorios. No se presentan reacciones adversas al medicamento administrado. Se recomienda continuar con el uso del inhalador según indicaciones médicas. No se observan signos de infección en la evaluación clínica realizada hoy. La presión arterial se encuentra estable tras el ajuste en la dosis de antihipertensivos. El paciente presenta síntomas de fatiga persistente y mareos ocasionales. No se reportan signos de inflamación en la zona afectada. Se han detectado niveles elevados de glucosa en sangre, se recomienda ajuste en la medicación."),
(17,'2024-02-20',"Se recomienda aumentar la ingesta de líquidos y seguir una dieta balanceada. Se aconseja descanso adecuado y reducción del estrés para mejorar la calidad del sueño. El paciente presenta síntomas de fatiga persistente y mareos ocasionales. El examen físico muestra parámetros dentro de los rangos normales para su edad y condición. El paciente sigue en observación por posibles complicaciones respiratorias. El examen físico muestra parámetros dentro de los rangos normales para su edad y condición. Se aconseja descanso adecuado y reducción del estrés para mejorar la calidad del sueño. El paciente reporta mejoría en el dolor articular tras el tratamiento con antiinflamatorios. No se observan signos de infección en la evaluación clínica realizada hoy. La presión arterial se encuentra estable tras el ajuste en la dosis de antihipertensivos."),
(19,'2024-12-23',"El examen físico muestra parámetros dentro de los rangos normales para su edad y condición. El paciente reporta mejoría en el dolor articular tras el tratamiento con antiinflamatorios. No se observan signos de infección en la evaluación clínica realizada hoy. Se recomienda continuar con el uso del inhalador según indicaciones médicas. El examen físico muestra parámetros dentro de los rangos normales para su edad y condición. El paciente reporta mejoría en el dolor articular tras el tratamiento con antiinflamatorios. No se observan signos de infección en la evaluación clínica realizada hoy. El paciente presenta síntomas de fatiga persistente y mareos ocasionales. El examen físico muestra parámetros dentro de los rangos normales para su edad y condición. No se observan signos de infección en la evaluación clínica realizada hoy."),
(23,'2023-03-18',"Se recomienda aumentar la ingesta de líquidos y seguir una dieta balanceada. Se ha programado una revisión para evaluar la respuesta al tratamiento en una semana. El paciente refiere haber experimentado episodios de ansiedad en los últimos días. Se recomienda continuar con el uso del inhalador según indicaciones médicas. No se presentan reacciones adversas al medicamento administrado. La presión arterial se encuentra estable tras el ajuste en la dosis de antihipertensivos. El paciente refiere haber experimentado episodios de ansiedad en los últimos días. Se recomienda aumentar la ingesta de líquidos y seguir una dieta balanceada. El paciente reporta mejoría en el dolor articular tras el tratamiento con antiinflamatorios. El paciente sigue en observación por posibles complicaciones respiratorias."),
(18,'2025-01-05',"El paciente refiere haber experimentado episodios de ansiedad en los últimos días. Se han detectado niveles elevados de glucosa en sangre, se recomienda ajuste en la medicación. El paciente sigue en observación por posibles complicaciones respiratorias. El paciente sigue en observación por posibles complicaciones respiratorias. El paciente reporta mejoría en el dolor articular tras el tratamiento con antiinflamatorios. El paciente reporta mejoría en el dolor articular tras el tratamiento con antiinflamatorios. Se aconseja descanso adecuado y reducción del estrés para mejorar la calidad del sueño. Se recomienda continuar con el uso del inhalador según indicaciones médicas. El paciente sigue en observación por posibles complicaciones respiratorias. El paciente sigue en observación por posibles complicaciones respiratorias."),
(10,'2023-08-23',"No se reportan signos de inflamación en la zona afectada. El paciente presenta síntomas de fatiga persistente y mareos ocasionales. El paciente reporta mejoría en el dolor articular tras el tratamiento con antiinflamatorios. No se observan signos de infección en la evaluación clínica realizada hoy. Se ha programado una revisión para evaluar la respuesta al tratamiento en una semana. El paciente refiere haber experimentado episodios de ansiedad en los últimos días. El paciente presenta síntomas de fatiga persistente y mareos ocasionales. Se recomienda continuar con la medicación prescrita y realizar controles periódicos. Se han detectado niveles elevados de glucosa en sangre, se recomienda ajuste en la medicación. No se reportan signos de inflamación en la zona afectada."),
(9,'2023-08-31',"Se recomienda continuar con el uso del inhalador según indicaciones médicas. No se presentan reacciones adversas al medicamento administrado. No se observan signos de infección en la evaluación clínica realizada hoy. No se observan signos de infección en la evaluación clínica realizada hoy. Se aconseja descanso adecuado y reducción del estrés para mejorar la calidad del sueño. El paciente refiere haber experimentado episodios de ansiedad en los últimos días. Se ha programado una revisión para evaluar la respuesta al tratamiento en una semana. No se reportan signos de inflamación en la zona afectada. El paciente reporta mejoría en el dolor articular tras el tratamiento con antiinflamatorios. Se recomienda continuar con el uso del inhalador según indicaciones médicas."),
(8,'2025-02-26',"Se aconseja descanso adecuado y reducción del estrés para mejorar la calidad del sueño. Se aconseja descanso adecuado y reducción del estrés para mejorar la calidad del sueño. El paciente reporta mejoría en el dolor articular tras el tratamiento con antiinflamatorios. Se recomienda continuar con la medicación prescrita y realizar controles periódicos. El examen físico muestra parámetros dentro de los rangos normales para su edad y condición. La presión arterial se encuentra estable tras el ajuste en la dosis de antihipertensivos. No se reportan signos de inflamación en la zona afectada. No se observan signos de infección en la evaluación clínica realizada hoy. El paciente reporta mejoría en el dolor articular tras el tratamiento con antiinflamatorios. No se presentan reacciones adversas al medicamento administrado."),
(6,'2024-02-27',"No se reportan signos de inflamación en la zona afectada. El paciente presenta síntomas de fatiga persistente y mareos ocasionales. El paciente reporta mejoría en el dolor articular tras el tratamiento con antiinflamatorios. El paciente presenta síntomas de fatiga persistente y mareos ocasionales. El paciente sigue en observación por posibles complicaciones respiratorias. Se recomienda continuar con la medicación prescrita y realizar controles periódicos. El examen físico muestra parámetros dentro de los rangos normales para su edad y condición. El paciente presenta síntomas de fatiga persistente y mareos ocasionales. No se reportan signos de inflamación en la zona afectada. El paciente presenta síntomas de fatiga persistente y mareos ocasionales."),
(11,'2023-11-21',"El paciente presenta síntomas de fatiga persistente y mareos ocasionales. Se han detectado niveles elevados de glucosa en sangre, se recomienda ajuste en la medicación. El paciente presenta síntomas de fatiga persistente y mareos ocasionales. El paciente refiere haber experimentado episodios de ansiedad en los últimos días. Se recomienda aumentar la ingesta de líquidos y seguir una dieta balanceada. El paciente reporta mejoría en el dolor articular tras el tratamiento con antiinflamatorios. Se recomienda aumentar la ingesta de líquidos y seguir una dieta balanceada. No se observan signos de infección en la evaluación clínica realizada hoy. Se aconseja descanso adecuado y reducción del estrés para mejorar la calidad del sueño. Se recomienda aumentar la ingesta de líquidos y seguir una dieta balanceada."),
(17,'2024-07-28',"Se recomienda aumentar la ingesta de líquidos y seguir una dieta balanceada. Se aconseja descanso adecuado y reducción del estrés para mejorar la calidad del sueño. La presión arterial se encuentra estable tras el ajuste en la dosis de antihipertensivos. Se aconseja descanso adecuado y reducción del estrés para mejorar la calidad del sueño. Se ha programado una revisión para evaluar la respuesta al tratamiento en una semana. No se reportan signos de inflamación en la zona afectada. Se recomienda continuar con la medicación prescrita y realizar controles periódicos. Se recomienda aumentar la ingesta de líquidos y seguir una dieta balanceada. El paciente refiere haber experimentado episodios de ansiedad en los últimos días. Se han detectado niveles elevados de glucosa en sangre, se recomienda ajuste en la medicación."),
(7,'2024-03-11',"Se han detectado niveles elevados de glucosa en sangre, se recomienda ajuste en la medicación. Se han detectado niveles elevados de glucosa en sangre, se recomienda ajuste en la medicación. Se aconseja descanso adecuado y reducción del estrés para mejorar la calidad del sueño. Se aconseja descanso adecuado y reducción del estrés para mejorar la calidad del sueño. El examen físico muestra parámetros dentro de los rangos normales para su edad y condición. El paciente sigue en observación por posibles complicaciones respiratorias. Se aconseja descanso adecuado y reducción del estrés para mejorar la calidad del sueño. El paciente sigue en observación por posibles complicaciones respiratorias. No se observan signos de infección en la evaluación clínica realizada hoy. Se aconseja descanso adecuado y reducción del estrés para mejorar la calidad del sueño."),
(6,'2024-11-13',"Se ha programado una revisión para evaluar la respuesta al tratamiento en una semana. No se observan signos de infección en la evaluación clínica realizada hoy. El paciente presenta síntomas de fatiga persistente y mareos ocasionales. No se observan signos de infección en la evaluación clínica realizada hoy. No se observan signos de infección en la evaluación clínica realizada hoy. El examen físico muestra parámetros dentro de los rangos normales para su edad y condición. La presión arterial se encuentra estable tras el ajuste en la dosis de antihipertensivos. El paciente refiere haber experimentado episodios de ansiedad en los últimos días. Se ha programado una revisión para evaluar la respuesta al tratamiento en una semana. El paciente reporta mejoría en el dolor articular tras el tratamiento con antiinflamatorios."),
(11,'2023-07-18',"La presión arterial se encuentra estable tras el ajuste en la dosis de antihipertensivos. El paciente reporta mejoría en el dolor articular tras el tratamiento con antiinflamatorios. No se reportan signos de inflamación en la zona afectada. Se recomienda continuar con la medicación prescrita y realizar controles periódicos. La presión arterial se encuentra estable tras el ajuste en la dosis de antihipertensivos. La presión arterial se encuentra estable tras el ajuste en la dosis de antihipertensivos. Se recomienda aumentar la ingesta de líquidos y seguir una dieta balanceada. Se recomienda continuar con el uso del inhalador según indicaciones médicas. El paciente refiere haber experimentado episodios de ansiedad en los últimos días. El paciente reporta mejoría en el dolor articular tras el tratamiento con antiinflamatorios."),
(7,'2024-04-21',"No se presentan reacciones adversas al medicamento administrado. El paciente sigue en observación por posibles complicaciones respiratorias. El paciente sigue en observación por posibles complicaciones respiratorias. Se recomienda aumentar la ingesta de líquidos y seguir una dieta balanceada. El paciente refiere haber experimentado episodios de ansiedad en los últimos días. El paciente reporta mejoría en el dolor articular tras el tratamiento con antiinflamatorios. No se observan signos de infección en la evaluación clínica realizada hoy. No se presentan reacciones adversas al medicamento administrado. No se reportan signos de inflamación en la zona afectada. La presión arterial se encuentra estable tras el ajuste en la dosis de antihipertensivos."),
(25,'2024-05-12',"No se observan signos de infección en la evaluación clínica realizada hoy. Se ha programado una revisión para evaluar la respuesta al tratamiento en una semana. El paciente sigue en observación por posibles complicaciones respiratorias. El paciente refiere haber experimentado episodios de ansiedad en los últimos días. Se recomienda aumentar la ingesta de líquidos y seguir una dieta balanceada. El paciente reporta mejoría en el dolor articular tras el tratamiento con antiinflamatorios. El paciente presenta síntomas de fatiga persistente y mareos ocasionales. El paciente reporta mejoría en el dolor articular tras el tratamiento con antiinflamatorios. Se recomienda continuar con la medicación prescrita y realizar controles periódicos. Se recomienda aumentar la ingesta de líquidos y seguir una dieta balanceada."),
(7,'2023-04-14',"El paciente sigue en observación por posibles complicaciones respiratorias. Se han detectado niveles elevados de glucosa en sangre, se recomienda ajuste en la medicación. El paciente refiere haber experimentado episodios de ansiedad en los últimos días. Se ha programado una revisión para evaluar la respuesta al tratamiento en una semana. Se aconseja descanso adecuado y reducción del estrés para mejorar la calidad del sueño. No se observan signos de infección en la evaluación clínica realizada hoy. Se recomienda continuar con la medicación prescrita y realizar controles periódicos. Se recomienda aumentar la ingesta de líquidos y seguir una dieta balanceada. No se observan signos de infección en la evaluación clínica realizada hoy. Se han detectado niveles elevados de glucosa en sangre, se recomienda ajuste en la medicación."),
(14,'2024-07-27',"La presión arterial se encuentra estable tras el ajuste en la dosis de antihipertensivos. No se reportan signos de inflamación en la zona afectada. Se recomienda aumentar la ingesta de líquidos y seguir una dieta balanceada. El paciente presenta síntomas de fatiga persistente y mareos ocasionales. La presión arterial se encuentra estable tras el ajuste en la dosis de antihipertensivos. No se reportan signos de inflamación en la zona afectada. No se observan signos de infección en la evaluación clínica realizada hoy. Se recomienda aumentar la ingesta de líquidos y seguir una dieta balanceada. Se recomienda aumentar la ingesta de líquidos y seguir una dieta balanceada. No se observan signos de infección en la evaluación clínica realizada hoy."),
(18,'2024-06-12',"El paciente refiere haber experimentado episodios de ansiedad en los últimos días. El paciente sigue en observación por posibles complicaciones respiratorias. No se reportan signos de inflamación en la zona afectada. Se recomienda continuar con la medicación prescrita y realizar controles periódicos. Se recomienda continuar con la medicación prescrita y realizar controles periódicos. Se ha programado una revisión para evaluar la respuesta al tratamiento en una semana. Se recomienda continuar con la medicación prescrita y realizar controles periódicos. No se presentan reacciones adversas al medicamento administrado. Se recomienda continuar con la medicación prescrita y realizar controles periódicos. Se aconseja descanso adecuado y reducción del estrés para mejorar la calidad del sueño."),
(23,'2024-06-22',"La presión arterial se encuentra estable tras el ajuste en la dosis de antihipertensivos. No se presentan reacciones adversas al medicamento administrado. No se reportan signos de inflamación en la zona afectada. No se presentan reacciones adversas al medicamento administrado. Se recomienda continuar con la medicación prescrita y realizar controles periódicos. No se presentan reacciones adversas al medicamento administrado. Se recomienda aumentar la ingesta de líquidos y seguir una dieta balanceada. No se reportan signos de inflamación en la zona afectada. No se reportan signos de inflamación en la zona afectada. No se observan signos de infección en la evaluación clínica realizada hoy."),
(24,'2025-02-21',"El paciente refiere haber experimentado episodios de ansiedad en los últimos días. El examen físico muestra parámetros dentro de los rangos normales para su edad y condición. Se aconseja descanso adecuado y reducción del estrés para mejorar la calidad del sueño. Se recomienda continuar con el uso del inhalador según indicaciones médicas. Se recomienda aumentar la ingesta de líquidos y seguir una dieta balanceada. Se ha programado una revisión para evaluar la respuesta al tratamiento en una semana. El paciente reporta mejoría en el dolor articular tras el tratamiento con antiinflamatorios. Se han detectado niveles elevados de glucosa en sangre, se recomienda ajuste en la medicación. No se presentan reacciones adversas al medicamento administrado. El paciente reporta mejoría en el dolor articular tras el tratamiento con antiinflamatorios."),
(2,'2023-08-24',"Se ha programado una revisión para evaluar la respuesta al tratamiento en una semana. No se observan signos de infección en la evaluación clínica realizada hoy. No se presentan reacciones adversas al medicamento administrado. El paciente reporta mejoría en el dolor articular tras el tratamiento con antiinflamatorios. No se reportan signos de inflamación en la zona afectada. El paciente sigue en observación por posibles complicaciones respiratorias. Se recomienda continuar con el uso del inhalador según indicaciones médicas. Se han detectado niveles elevados de glucosa en sangre, se recomienda ajuste en la medicación. El paciente sigue en observación por posibles complicaciones respiratorias. No se reportan signos de inflamación en la zona afectada."),
(15,'2024-12-19',"No se observan signos de infección en la evaluación clínica realizada hoy. El paciente presenta síntomas de fatiga persistente y mareos ocasionales. Se aconseja descanso adecuado y reducción del estrés para mejorar la calidad del sueño. No se presentan reacciones adversas al medicamento administrado. Se recomienda aumentar la ingesta de líquidos y seguir una dieta balanceada. El paciente presenta síntomas de fatiga persistente y mareos ocasionales. No se presentan reacciones adversas al medicamento administrado. El paciente sigue en observación por posibles complicaciones respiratorias. El paciente sigue en observación por posibles complicaciones respiratorias. Se recomienda continuar con la medicación prescrita y realizar controles periódicos."),
(8,'2024-09-01',"Se ha programado una revisión para evaluar la respuesta al tratamiento en una semana. Se aconseja descanso adecuado y reducción del estrés para mejorar la calidad del sueño. Se recomienda continuar con la medicación prescrita y realizar controles periódicos. Se recomienda aumentar la ingesta de líquidos y seguir una dieta balanceada. Se aconseja descanso adecuado y reducción del estrés para mejorar la calidad del sueño. El paciente sigue en observación por posibles complicaciones respiratorias. No se reportan signos de inflamación en la zona afectada. No se presentan reacciones adversas al medicamento administrado. Se ha programado una revisión para evaluar la respuesta al tratamiento en una semana. No se reportan signos de inflamación en la zona afectada."),
(24,'2023-10-27',"El paciente reporta mejoría en el dolor articular tras el tratamiento con antiinflamatorios. Se ha programado una revisión para evaluar la respuesta al tratamiento en una semana. Se recomienda aumentar la ingesta de líquidos y seguir una dieta balanceada. Se han detectado niveles elevados de glucosa en sangre, se recomienda ajuste en la medicación. Se recomienda continuar con el uso del inhalador según indicaciones médicas. El paciente presenta síntomas de fatiga persistente y mareos ocasionales. El paciente sigue en observación por posibles complicaciones respiratorias. Se recomienda aumentar la ingesta de líquidos y seguir una dieta balanceada. El paciente reporta mejoría en el dolor articular tras el tratamiento con antiinflamatorios. No se presentan reacciones adversas al medicamento administrado."),
(17,'2024-07-17',"Se ha programado una revisión para evaluar la respuesta al tratamiento en una semana. No se observan signos de infección en la evaluación clínica realizada hoy. Se aconseja descanso adecuado y reducción del estrés para mejorar la calidad del sueño. Se recomienda continuar con la medicación prescrita y realizar controles periódicos. El paciente presenta síntomas de fatiga persistente y mareos ocasionales. No se observan signos de infección en la evaluación clínica realizada hoy. El paciente refiere haber experimentado episodios de ansiedad en los últimos días. El examen físico muestra parámetros dentro de los rangos normales para su edad y condición. Se ha programado una revisión para evaluar la respuesta al tratamiento en una semana. La presión arterial se encuentra estable tras el ajuste en la dosis de antihipertensivos."),
(17,'2025-02-03',"El paciente presenta síntomas de fatiga persistente y mareos ocasionales. La presión arterial se encuentra estable tras el ajuste en la dosis de antihipertensivos. El paciente refiere haber experimentado episodios de ansiedad en los últimos días. Se han detectado niveles elevados de glucosa en sangre, se recomienda ajuste en la medicación. El examen físico muestra parámetros dentro de los rangos normales para su edad y condición. Se aconseja descanso adecuado y reducción del estrés para mejorar la calidad del sueño. No se observan signos de infección en la evaluación clínica realizada hoy. No se observan signos de infección en la evaluación clínica realizada hoy. Se recomienda continuar con la medicación prescrita y realizar controles periódicos. Se aconseja descanso adecuado y reducción del estrés para mejorar la calidad del sueño."),
(12,'2024-04-05',"El paciente refiere haber experimentado episodios de ansiedad en los últimos días. El paciente presenta síntomas de fatiga persistente y mareos ocasionales. No se observan signos de infección en la evaluación clínica realizada hoy. No se observan signos de infección en la evaluación clínica realizada hoy. No se presentan reacciones adversas al medicamento administrado. Se aconseja descanso adecuado y reducción del estrés para mejorar la calidad del sueño. Se han detectado niveles elevados de glucosa en sangre, se recomienda ajuste en la medicación. Se han detectado niveles elevados de glucosa en sangre, se recomienda ajuste en la medicación. Se recomienda continuar con el uso del inhalador según indicaciones médicas. El paciente refiere haber experimentado episodios de ansiedad en los últimos días."),
(13,'2023-03-30',"Se recomienda aumentar la ingesta de líquidos y seguir una dieta balanceada. Se ha programado una revisión para evaluar la respuesta al tratamiento en una semana. No se reportan signos de inflamación en la zona afectada. Se ha programado una revisión para evaluar la respuesta al tratamiento en una semana. Se recomienda continuar con la medicación prescrita y realizar controles periódicos. El examen físico muestra parámetros dentro de los rangos normales para su edad y condición. El paciente refiere haber experimentado episodios de ansiedad en los últimos días. Se aconseja descanso adecuado y reducción del estrés para mejorar la calidad del sueño. El paciente reporta mejoría en el dolor articular tras el tratamiento con antiinflamatorios. Se recomienda continuar con la medicación prescrita y realizar controles periódicos."),
(24,'2024-08-05',"El paciente presenta síntomas de fatiga persistente y mareos ocasionales. El paciente sigue en observación por posibles complicaciones respiratorias. El paciente sigue en observación por posibles complicaciones respiratorias. Se recomienda aumentar la ingesta de líquidos y seguir una dieta balanceada. El examen físico muestra parámetros dentro de los rangos normales para su edad y condición. No se presentan reacciones adversas al medicamento administrado. Se ha programado una revisión para evaluar la respuesta al tratamiento en una semana. Se recomienda continuar con el uso del inhalador según indicaciones médicas. Se aconseja descanso adecuado y reducción del estrés para mejorar la calidad del sueño. El paciente sigue en observación por posibles complicaciones respiratorias."),
(18,'2024-08-15',"La presión arterial se encuentra estable tras el ajuste en la dosis de antihipertensivos. El paciente presenta síntomas de fatiga persistente y mareos ocasionales. El paciente presenta síntomas de fatiga persistente y mareos ocasionales. El paciente presenta síntomas de fatiga persistente y mareos ocasionales. El paciente reporta mejoría en el dolor articular tras el tratamiento con antiinflamatorios. Se recomienda aumentar la ingesta de líquidos y seguir una dieta balanceada. La presión arterial se encuentra estable tras el ajuste en la dosis de antihipertensivos. El paciente presenta síntomas de fatiga persistente y mareos ocasionales. El paciente refiere haber experimentado episodios de ansiedad en los últimos días. No se reportan signos de inflamación en la zona afectada."),
(27,'2024-12-04',"Se recomienda continuar con la medicación prescrita y realizar controles periódicos. No se reportan signos de inflamación en la zona afectada. Se aconseja descanso adecuado y reducción del estrés para mejorar la calidad del sueño. Se recomienda aumentar la ingesta de líquidos y seguir una dieta balanceada. La presión arterial se encuentra estable tras el ajuste en la dosis de antihipertensivos. Se recomienda aumentar la ingesta de líquidos y seguir una dieta balanceada. Se recomienda aumentar la ingesta de líquidos y seguir una dieta balanceada. Se han detectado niveles elevados de glucosa en sangre, se recomienda ajuste en la medicación. Se recomienda continuar con la medicación prescrita y realizar controles periódicos. Se ha programado una revisión para evaluar la respuesta al tratamiento en una semana."),
(9,'2024-01-15',"El paciente refiere haber experimentado episodios de ansiedad en los últimos días. La presión arterial se encuentra estable tras el ajuste en la dosis de antihipertensivos. Se ha programado una revisión para evaluar la respuesta al tratamiento en una semana. El paciente reporta mejoría en el dolor articular tras el tratamiento con antiinflamatorios. No se reportan signos de inflamación en la zona afectada. Se aconseja descanso adecuado y reducción del estrés para mejorar la calidad del sueño. El paciente sigue en observación por posibles complicaciones respiratorias. Se han detectado niveles elevados de glucosa en sangre, se recomienda ajuste en la medicación. El examen físico muestra parámetros dentro de los rangos normales para su edad y condición. No se presentan reacciones adversas al medicamento administrado."),
(21,'2023-09-18',"La presión arterial se encuentra estable tras el ajuste en la dosis de antihipertensivos. No se observan signos de infección en la evaluación clínica realizada hoy. Se ha programado una revisión para evaluar la respuesta al tratamiento en una semana. El paciente reporta mejoría en el dolor articular tras el tratamiento con antiinflamatorios. Se recomienda continuar con el uso del inhalador según indicaciones médicas. El paciente sigue en observación por posibles complicaciones respiratorias. La presión arterial se encuentra estable tras el ajuste en la dosis de antihipertensivos. El paciente sigue en observación por posibles complicaciones respiratorias. El paciente reporta mejoría en el dolor articular tras el tratamiento con antiinflamatorios. El paciente sigue en observación por posibles complicaciones respiratorias."),
(20,'2023-10-06',"Se han detectado niveles elevados de glucosa en sangre, se recomienda ajuste en la medicación. No se presentan reacciones adversas al medicamento administrado. No se presentan reacciones adversas al medicamento administrado. Se han detectado niveles elevados de glucosa en sangre, se recomienda ajuste en la medicación. No se reportan signos de inflamación en la zona afectada. No se presentan reacciones adversas al medicamento administrado. Se han detectado niveles elevados de glucosa en sangre, se recomienda ajuste en la medicación. No se presentan reacciones adversas al medicamento administrado. Se recomienda continuar con el uso del inhalador según indicaciones médicas. El paciente reporta mejoría en el dolor articular tras el tratamiento con antiinflamatorios."),
(4,'2023-07-17',"Se ha programado una revisión para evaluar la respuesta al tratamiento en una semana. No se observan signos de infección en la evaluación clínica realizada hoy. El paciente refiere haber experimentado episodios de ansiedad en los últimos días. Se recomienda continuar con la medicación prescrita y realizar controles periódicos. Se ha programado una revisión para evaluar la respuesta al tratamiento en una semana. El paciente presenta síntomas de fatiga persistente y mareos ocasionales. La presión arterial se encuentra estable tras el ajuste en la dosis de antihipertensivos. El paciente sigue en observación por posibles complicaciones respiratorias. El paciente sigue en observación por posibles complicaciones respiratorias. Se aconseja descanso adecuado y reducción del estrés para mejorar la calidad del sueño."),
(2,'2023-08-29',"La presión arterial se encuentra estable tras el ajuste en la dosis de antihipertensivos. El examen físico muestra parámetros dentro de los rangos normales para su edad y condición. El paciente sigue en observación por posibles complicaciones respiratorias. No se presentan reacciones adversas al medicamento administrado. No se observan signos de infección en la evaluación clínica realizada hoy. Se aconseja descanso adecuado y reducción del estrés para mejorar la calidad del sueño. Se recomienda continuar con la medicación prescrita y realizar controles periódicos. El paciente refiere haber experimentado episodios de ansiedad en los últimos días. El examen físico muestra parámetros dentro de los rangos normales para su edad y condición. El examen físico muestra parámetros dentro de los rangos normales para su edad y condición."),
(18,'2024-02-25',"La presión arterial se encuentra estable tras el ajuste en la dosis de antihipertensivos. No se presentan reacciones adversas al medicamento administrado. Se aconseja descanso adecuado y reducción del estrés para mejorar la calidad del sueño. El paciente reporta mejoría en el dolor articular tras el tratamiento con antiinflamatorios. El examen físico muestra parámetros dentro de los rangos normales para su edad y condición. Se aconseja descanso adecuado y reducción del estrés para mejorar la calidad del sueño. Se recomienda continuar con el uso del inhalador según indicaciones médicas. El paciente refiere haber experimentado episodios de ansiedad en los últimos días. El paciente presenta síntomas de fatiga persistente y mareos ocasionales. Se recomienda continuar con la medicación prescrita y realizar controles periódicos."),
(6,'2024-01-18',"No se presentan reacciones adversas al medicamento administrado. El examen físico muestra parámetros dentro de los rangos normales para su edad y condición. Se aconseja descanso adecuado y reducción del estrés para mejorar la calidad del sueño. El paciente refiere haber experimentado episodios de ansiedad en los últimos días. Se recomienda continuar con el uso del inhalador según indicaciones médicas. El examen físico muestra parámetros dentro de los rangos normales para su edad y condición. Se recomienda continuar con la medicación prescrita y realizar controles periódicos. Se ha programado una revisión para evaluar la respuesta al tratamiento en una semana. Se recomienda aumentar la ingesta de líquidos y seguir una dieta balanceada. El paciente sigue en observación por posibles complicaciones respiratorias."),
(30,'2023-12-14',"El paciente presenta síntomas de fatiga persistente y mareos ocasionales. Se recomienda continuar con el uso del inhalador según indicaciones médicas. La presión arterial se encuentra estable tras el ajuste en la dosis de antihipertensivos. Se recomienda continuar con la medicación prescrita y realizar controles periódicos. El examen físico muestra parámetros dentro de los rangos normales para su edad y condición. El paciente refiere haber experimentado episodios de ansiedad en los últimos días. Se aconseja descanso adecuado y reducción del estrés para mejorar la calidad del sueño. Se han detectado niveles elevados de glucosa en sangre, se recomienda ajuste en la medicación. El paciente presenta síntomas de fatiga persistente y mareos ocasionales. No se observan signos de infección en la evaluación clínica realizada hoy."),
(12,'2024-02-18',"La presión arterial se encuentra estable tras el ajuste en la dosis de antihipertensivos. No se observan signos de infección en la evaluación clínica realizada hoy. Se aconseja descanso adecuado y reducción del estrés para mejorar la calidad del sueño. No se reportan signos de inflamación en la zona afectada. Se recomienda aumentar la ingesta de líquidos y seguir una dieta balanceada. Se recomienda continuar con el uso del inhalador según indicaciones médicas. Se recomienda continuar con el uso del inhalador según indicaciones médicas. Se aconseja descanso adecuado y reducción del estrés para mejorar la calidad del sueño. No se presentan reacciones adversas al medicamento administrado. Se han detectado niveles elevados de glucosa en sangre, se recomienda ajuste en la medicación."),
(18,'2025-01-23',"No se observan signos de infección en la evaluación clínica realizada hoy. Se ha programado una revisión para evaluar la respuesta al tratamiento en una semana. Se recomienda continuar con el uso del inhalador según indicaciones médicas. El examen físico muestra parámetros dentro de los rangos normales para su edad y condición. Se recomienda continuar con el uso del inhalador según indicaciones médicas. No se reportan signos de inflamación en la zona afectada. Se recomienda continuar con el uso del inhalador según indicaciones médicas. No se observan signos de infección en la evaluación clínica realizada hoy. Se han detectado niveles elevados de glucosa en sangre, se recomienda ajuste en la medicación. No se observan signos de infección en la evaluación clínica realizada hoy."),
(14,'2024-02-04',"Se ha programado una revisión para evaluar la respuesta al tratamiento en una semana. Se ha programado una revisión para evaluar la respuesta al tratamiento en una semana. El paciente presenta síntomas de fatiga persistente y mareos ocasionales. No se reportan signos de inflamación en la zona afectada. No se observan signos de infección en la evaluación clínica realizada hoy. No se reportan signos de inflamación en la zona afectada. No se observan signos de infección en la evaluación clínica realizada hoy. Se aconseja descanso adecuado y reducción del estrés para mejorar la calidad del sueño. Se ha programado una revisión para evaluar la respuesta al tratamiento en una semana. El paciente reporta mejoría en el dolor articular tras el tratamiento con antiinflamatorios."),
(11,'2023-12-05',"Se recomienda continuar con la medicación prescrita y realizar controles periódicos. Se recomienda aumentar la ingesta de líquidos y seguir una dieta balanceada. No se observan signos de infección en la evaluación clínica realizada hoy. El paciente reporta mejoría en el dolor articular tras el tratamiento con antiinflamatorios. Se recomienda aumentar la ingesta de líquidos y seguir una dieta balanceada. El examen físico muestra parámetros dentro de los rangos normales para su edad y condición. El examen físico muestra parámetros dentro de los rangos normales para su edad y condición. El paciente sigue en observación por posibles complicaciones respiratorias. Se aconseja descanso adecuado y reducción del estrés para mejorar la calidad del sueño. No se presentan reacciones adversas al medicamento administrado."),
(4,'2023-05-19',"Se recomienda continuar con la medicación prescrita y realizar controles periódicos. El paciente presenta síntomas de fatiga persistente y mareos ocasionales. Se aconseja descanso adecuado y reducción del estrés para mejorar la calidad del sueño. Se han detectado niveles elevados de glucosa en sangre, se recomienda ajuste en la medicación. Se recomienda continuar con la medicación prescrita y realizar controles periódicos. Se ha programado una revisión para evaluar la respuesta al tratamiento en una semana. Se recomienda continuar con el uso del inhalador según indicaciones médicas. El paciente sigue en observación por posibles complicaciones respiratorias. Se han detectado niveles elevados de glucosa en sangre, se recomienda ajuste en la medicación. Se recomienda continuar con la medicación prescrita y realizar controles periódicos."),
(10,'2025-02-28',"No se observan signos de infección en la evaluación clínica realizada hoy. El examen físico muestra parámetros dentro de los rangos normales para su edad y condición. No se observan signos de infección en la evaluación clínica realizada hoy. El paciente sigue en observación por posibles complicaciones respiratorias. El examen físico muestra parámetros dentro de los rangos normales para su edad y condición. El paciente presenta síntomas de fatiga persistente y mareos ocasionales. El paciente refiere haber experimentado episodios de ansiedad en los últimos días. No se observan signos de infección en la evaluación clínica realizada hoy. Se recomienda aumentar la ingesta de líquidos y seguir una dieta balanceada. El paciente presenta síntomas de fatiga persistente y mareos ocasionales."),
(31,'2025-03-10',"El paciente presenta síntomas de fatiga persistente y mareos ocasionales. Se han detectado niveles elevados de glucosa en sangre, por lo que se recomienda ajuste en la medicación. No se reportan signos de inflamación en la zona afectada. El paciente refiere haber experimentado episodios de ansiedad en los últimos días. Se aconseja descanso adecuado y reducción del estrés para mejorar la calidad del sueño. No se presentan reacciones adversas al medicamento administrado. Se ha programado una revisión para evaluar la respuesta al tratamiento en una semana. Se recomienda aumentar la ingesta de líquidos y seguir una dieta balanceada. El paciente sigue en observación por posibles complicaciones respiratorias."),
(32,'2025-03-10',"Se han detectado niveles elevados de glucosa en sangre, se recomienda ajuste en la medicación. El paciente sigue en observación por posibles complicaciones respiratorias. Se recomienda continuar con la medicación prescrita y realizar controles periódicos. No se reportan signos de inflamación en la zona afectada. Se recomienda aumentar la ingesta de líquidos y seguir una dieta balanceada. No se presentan reacciones adversas al medicamento administrado. El paciente reporta mejoría en el dolor articular tras el tratamiento con antiinflamatorios. Se aconseja descanso adecuado y reducción del estrés para mejorar la calidad del sueño. No se observan signos de infección en la evaluación clínica realizada hoy."),
(33,'2025-03-10',"El paciente refiere haber experimentado episodios de ansiedad en los últimos días. No se reportan signos de inflamación en la zona afectada. Se aconseja descanso adecuado y reducción del estrés para mejorar la calidad del sueño. Se recomienda aumentar la ingesta de líquidos y seguir una dieta balanceada. Se recomienda continuar con el uso del inhalador según indicaciones médicas. No se observan signos de infección en la evaluación clínica realizada hoy. Se ha programado una revisión para evaluar la respuesta al tratamiento en una semana. Se recomienda continuar con la medicación prescrita y realizar controles periódicos. No se presentan reacciones adversas al medicamento administrado.");

--------------------------------- Por hacer -------------------------------
INSERT INTO Medicacion (medicamento, paciente_pacienteId, dosis, via) VALUES
('Ceftriaxona', 1, '2 g', 'IV cada 24h'),
('Azitromicina', 1, '500 mg', 'VO cada 24h'),
('Salbutamol', 1, '5 mg', 'Nebulizado c/6h'),
('Paracetamol', 1, '1 g', 'VO c/8h'),
('Clopidogrel', 2, '75 mg', 'VO diario'),
('Enoxaparina', 2, '60 mg', 'SC c/12h'),
('Nitroglicerina', 2, '5 µg/min', 'IV perfusión'),
('Morfina', 2, '4 mg', 'IV según necesidad'),
('Atorvastatina', 2, '80 mg', 'VO nocte'),
('Bisoprolol', 2, '2.5 mg', 'VO diario'),
('Insulina regular', 3, '0.1 U/kg/h', 'IV perfusión'),
('Cloruro de potasio', 3, '20 mEq', 'IV c/4h'),
('Suero fisiológico', 3, '1000 ml', 'IV rápido'),
('Bicarbonato de sodio', 3, '50 mEq', 'IV una dosis'),
('Insulina glargina', 3, '20 U', 'SC nocte'),
('Ceftriaxona', 4, '2 g', 'IV c/24h'),
('Metronidazol', 4, '500 mg', 'IV c/8h'),
('Ketorolaco', 4, '30 mg', 'IV c/8h'),
('Metamizol', 4, '2 g', 'IV c/8h'),
('Ondansetrón', 4, '4 mg', 'IV c/8h (prn)'),
('Furosemida', 5, '40 mg', 'IV c/8h'),
('Enalapril', 5, '5 mg', 'VO c/12h'),
('Carvedilol', 5, '6.25 mg', 'VO c/12h'),
('Digoxina', 5, '0.25 mg', 'VO diario'),
('Nitroglicerina', 5, '10 µg/min', 'IV perfusión'),
('Oxígeno', 5, '5 L/min', 'Mascarilla'),
('Meropenem', 6, '1 g', 'IV c/8h'),
('Vancomicina', 6, '1 g', 'IV c/12h'),
('Norepinefrina', 6, '0.1 µg/kg/min', 'IV perfusión'),
('Solución salina 0.9%', 6, '1000 ml', 'IV rápido'),
('Paracetamol', 6, '1 g', 'IV c/6h'),
('Insulina rápida', 6, '6 U', 'SC c/6h'),
('Alteplasa', 7, '0.9 mg/kg', 'IV (dosis total)'),
('Enoxaparina', 7, '40 mg', 'SC c/24h'),
('Aspirina', 7, '100 mg', 'VO diario'),
('Atorvastatina', 7, '40 mg', 'VO diario'),
('Labetalol', 7, '10 mg', 'IV c/8h (prn)'),
('Salbutamol', 8, '5 mg', 'Nebulizado c/6h'),
('Ipratropio', 8, '0.5 mg', 'Nebulizado c/6h'),
('Metilprednisolona', 8, '40 mg', 'IV c/8h'),
('Levofloxacino', 8, '500 mg', 'IV c/24h'),
('Oxígeno', 8, '3 L/min', 'Puntas nasales'),
('Salbutamol', 9, '5 mg', 'Nebulizado c/4h'),
('Ipratropio', 9, '0.5 mg', 'Nebulizado c/4h'),
('Hidrocortisona', 9, '100 mg', 'IV c/6h'),
('Sulfato de magnesio', 9, '2 g', 'IV una dosis'),
('Adrenalina', 9, '0.5 mg', 'SC una dosis'),
('Oxígeno', 9, '4 L/min', 'Mascarilla'),
('Ringer Lactato', 10, '1000 ml', 'IV c/8h'),
('Morfina', 10, '5 mg', 'IV c/4h (prn)'),
('Metoclopramida', 10, '10 mg', 'IV c/8h (prn)'),
('Omeprazol', 10, '40 mg', 'IV c/24h'),
('Ciprofloxacino', 10, '400 mg', 'IV c/12h');