INSERT INTO Pacientes (PacienteID, Nombre, Edad, Sexo, Alergias, MotivoIngreso, DiagnosticoPrincipal, CondicionesPrevias, FechaIngreso, Servicio, EstadoAlIngreso) VALUES
(1, 'Juan Pérez', 68, 'Masculino', 'Ninguna conocida', 'Fiebre alta y tos productiva', '233604007', 'EPOC (fumador crónico), Hipertensión arterial', '2023-05-01', 'Neumología', 'Estable, disnea moderada'),
(2, 'María López', 75, 'Femenino', 'Penicilina', 'Dolor torácico opresivo irradiado a brazo izquierdo', '22298006', 'Hipertensión arterial, hipercolesterolemia', '2023-07-10', 'Cardiología', 'Hipotensa, diaforética (PA 90/60)'),
(3, 'Carlos García', 22, 'Masculino', 'Ninguna', 'Polidipsia, poliuria, vómitos y confusión', '420422005', 'Diabetes mellitus tipo 1 mal controlada', '2023-09-20', 'UCI', 'Deshidratación severa, respiración de Kussmaul'),
(4, 'Lucía Ramírez', 30, 'Femenino', 'Sulfonamidas', 'Dolor agudo en fosa ilíaca derecha, fiebre y vómitos', '74400008', 'Sin antecedentes médicos relevantes', '2023-08-05', 'Cirugía General', 'Dolor abdominal severo, febril'),
(5, 'Miguel Rodríguez', 60, 'Masculino', 'Ninguna conocida', 'Disnea aguda en reposo, ortopnea, edema en miembros inferiores', '42343007', 'Hipertensión arterial, fibrilación auricular crónica', '2023-04-12', 'Medicina Interna', 'Taquipneico, SatO2 82% al aire ambiente'),
(6, 'Ana Gómez', 50, 'Femenino', 'Ibuprofeno', 'Fiebre alta, taquicardia y bajo nivel de conciencia', '91302008', 'Diabetes mellitus tipo 2, nefrolitiasis recurrente', '2023-10-30', 'UCI', 'Hipotensa (PA 75/45), confusa (shock séptico)'),
(7, 'Pedro Álvarez', 78, 'Masculino', 'Ninguna', 'Déficit motor súbito en hemicuerpo derecho y afasia', '230690007', 'Hipertensión arterial, diabetes mellitus tipo 2', '2023-03-01', 'Neurología', 'Consciente, hemiparesia derecha, afasia de Broca'),
(8, 'Rosa Jiménez', 65, 'Femenino', 'Penicilina', 'Disnea en aumento, tos productiva con esputo purulento', '195951007', 'EPOC GOLD III (exfumadora), Hipertensión arterial', '2023-06-18', 'Neumología', 'Taquipneica, sibilancias, SatO2 85% (AA)'),
(9, 'Javier Santos', 18, 'Masculino', 'Ácaros del polvo; pólenes', 'Crisis asmática severa con sibilancias y uso de músculos accesorios', '195967001', 'Asma desde la niñez, rinitis alérgica', '2023-02-11', 'Neumología', 'Taquipneico, sibilancias audibles, habla entrecortada'),
(10, 'Alejandro Ruiz', 46, 'Masculino', 'Ninguna', 'Dolor epigástrico intenso irradiado a espalda, náuseas y vómitos', '197456007', 'Hipertrigliceridemia, consumo crónico de alcohol', '2023-11-15', 'Gastroenterología', 'Dolor intenso, taquicárdico, vómitos');

INSERT INTO Evolucion (paciente_pacienteId, fechaYhora, PresionSistolica, PresionDiastolica, FrecuenciaCardiaca, Temperatura, FrecuenciaRespiratoria, SaturacionOxigeno, Glucosa, Leucocitos, Hemoglobina, Plaquetas, Colesterol, HDL, LDL, Trigliceridos, Sodio, Potasio, Cloro, Creatinina, Urea, AST, ALT, Bilirrubina, pH, pCO2, pO2, HCO3, Lactato) VALUES
(1, STR_TO_DATE('2023-05-01 06:00', '%Y-%m-%d %H:%i'), 100, 65, 105, 38.8, 28.0, 89, 110, 15000, 14.5, 250000, 180, 50, 110, 100, 134, 4.3, 98, 1.1, 50, 30, 28, 0.6, 7.35, 32, 60, 16, 2.5),
(1, STR_TO_DATE('2023-05-01 14:00', '%Y-%m-%d %H:%i'), 105, 68, 115, 39.2, 30.0, 95, 125, 15000, 14.5, 250000, 180, 50, 110, 100, 134, 4.3, 98, 1.1, 50, 30, 28, 0.6, 7.35, 32, 60, 16, 2.5),
(1, STR_TO_DATE('2023-05-01 22:00', '%Y-%m-%d %H:%i'), 98, 60, 110, 39.0, 26.0, 94, 115, 15000, 14.5, 250000, 180, 50, 110, 100, 133, 4.3, 98, 1.1, 50, 30, 28, 0.6, 7.35, 32, 60, 16, 2.5),
(1, STR_TO_DATE('2023-05-02 06:00', '%Y-%m-%d %H:%i'), 105, 70, 95, 38.0, 24.0, 94, 100, 13000, 13.8, 280000, 180, 50, 110, 100, 136, 4.0, 100, 1.0, 40, 32, 30, 0.7, 7.40, 35, 85, 22, 1.5),
(1, STR_TO_DATE('2023-05-02 14:00', '%Y-%m-%d %H:%i'), 110, 72, 100, 38.5, 26.0, 96, 110, 13000, 13.8, 280000, 180, 50, 110, 100, 136, 4.0, 100, 1.0, 40, 32, 30, 0.7, 7.40, 35, 85, 22, 1.5),
(1, STR_TO_DATE('2023-05-02 22:00', '%Y-%m-%d %H:%i'), 100, 68, 90, 38.2, 22.0, 95, 105, 13000, 13.8, 280000, 180, 50, 110, 100, 135, 4.0, 100, 1.0, 40, 32, 30, 0.7, 7.40, 35, 85, 22, 1.5),
(1, STR_TO_DATE('2023-05-03 06:00', '%Y-%m-%d %H:%i'), 115, 75, 85, 37.2, 20.0, 96, 95, 10000, 13.5, 320000, 180, 50, 110, 100, 138, 4.1, 102, 0.9, 30, 28, 27, 0.5, 7.40, 35, 85, 22, 1.5),
(1, STR_TO_DATE('2023-05-03 14:00', '%Y-%m-%d %H:%i'), 118, 78, 90, 37.5, 22.0, 97, 100, 10000, 13.5, 320000, 180, 50, 110, 100, 138, 4.1, 102, 0.9, 30, 28, 27, 0.5, 7.40, 35, 85, 22, 1.5),
(1, STR_TO_DATE('2023-05-03 22:00', '%Y-%m-%d %H:%i'), 110, 70, 80, 37.0, 18.0, 96, 90, 10000, 13.5, 320000, 180, 50, 110, 100, 137, 4.1, 100, 0.9, 30, 28, 27, 0.5, 7.40, 35, 85, 22, 1.5),
(1, STR_TO_DATE('2023-05-04 06:00', '%Y-%m-%d %H:%i'), 120, 80, 80, 36.8, 18.0, 98, 90, 9000, 13.2, 300000, 180, 50, 110, 100, 140, 4.2, 100, 0.8, 25, 25, 25, 0.5, 7.40, 35, 85, 22, 1.5),
(1, STR_TO_DATE('2023-05-04 14:00', '%Y-%m-%d %H:%i'), 125, 82, 85, 37.0, 20.0, 98, 100, 9000, 13.2, 300000, 180, 50, 110, 100, 140, 4.2, 98, 0.8, 25, 25, 25, 0.5, 7.40, 35, 85, 22, 1.5),
(1, STR_TO_DATE('2023-05-04 22:00', '%Y-%m-%d %H:%i'), 115, 78, 78, 36.6, 16.0, 98, 95, 9000, 13.2, 300000, 180, 50, 110, 100, 140, 4.2, 100, 0.8, 25, 25, 25, 0.5, 7.40, 35, 85, 22, 1.5),
(1, STR_TO_DATE('2023-05-05 06:00', '%Y-%m-%d %H:%i'), 118, 78, 78, 36.5, 16.0, 98, 85, 8500, 13.0, 290000, 180, 50, 110, 100, 140, 4.0, 100, 0.8, 20, 25, 24, 0.4, 7.40, 35, 85, 22, 1.5),
(1, STR_TO_DATE('2023-05-05 14:00', '%Y-%m-%d %H:%i'), 122, 80, 82, 36.7, 18.0, 98, 95, 8500, 13.0, 290000, 180, 50, 110, 100, 140, 4.0, 100, 0.8, 20, 25, 24, 0.4, 7.40, 35, 85, 22, 1.5),
(1, STR_TO_DATE('2023-05-05 22:00', '%Y-%m-%d %H:%i'), 115, 75, 75, 36.4, 14.0, 98, 90, 8500, 13.0, 290000, 180, 50, 110, 100, 140, 4.0, 100, 0.8, 20, 25, 24, 0.4, 7.40, 35, 85, 22, 1.5),
(2, STR_TO_DATE('2023-07-10 06:00', '%Y-%m-%d %H:%i'), 100, 60, 95, 37.2, 20.0, 95, 150, 12000, 13.0, 230000, 240, 40, 170, 150, 138, 4.2, 100, 0.9, 30, 45, 30, 0.8, 7.30, 28, 60, 14, 4.0),
(2, STR_TO_DATE('2023-07-10 14:00', '%Y-%m-%d %H:%i'), 105, 65, 100, 37.2, 18.0, 98, 180, 12000, 13.0, 230000, 240, 40, 170, 150, 138, 4.2, 100, 0.9, 30, 45, 30, 0.8, 7.35, 32, 95, 18, 2.0),
(2, STR_TO_DATE('2023-07-10 22:00', '%Y-%m-%d %H:%i'), 95, 58, 90, 37.5, 16.0, 96, 160, 12000, 13.0, 230000, 240, 40, 170, 150, 137, 4.2, 95, 0.9, 30, 45, 30, 0.8, 7.35, 34, 100, 22, 1.0),
(2, STR_TO_DATE('2023-07-11 06:00', '%Y-%m-%d %H:%i'), 110, 70, 80, 37.8, 18.0, 98, 130, 10000, 12.5, 210000, 240, 40, 170, 150, 140, 4.0, 100, 0.8, 25, 80, 30, 0.8, 7.35, 34, 100, 22, 1.0),
(2, STR_TO_DATE('2023-07-11 14:00', '%Y-%m-%d %H:%i'), 115, 75, 85, 38.0, 20.0, 98, 140, 10000, 12.5, 210000, 240, 40, 170, 150, 140, 4.0, 100, 0.8, 25, 80, 30, 0.8, 7.35, 34, 100, 22, 1.0),
(2, STR_TO_DATE('2023-07-11 22:00', '%Y-%m-%d %H:%i'), 105, 68, 78, 37.5, 16.0, 98, 120, 10000, 12.5, 210000, 240, 40, 170, 150, 138, 4.0, 98, 0.8, 25, 80, 30, 0.8, 7.35, 34, 100, 22, 1.0),
(2, STR_TO_DATE('2023-07-12 06:00', '%Y-%m-%d %H:%i'), 115, 75, 72, 37.0, 16.0, 98, 120, 9000, 12.0, 200000, 240, 40, 170, 150, 138, 4.0, 100, 0.8, 20, 40, 28, 0.7, 7.35, 34, 100, 22, 1.0),
(2, STR_TO_DATE('2023-07-12 14:00', '%Y-%m-%d %H:%i'), 118, 78, 78, 37.2, 18.0, 98, 130, 9000, 12.0, 200000, 240, 40, 170, 150, 138, 4.0, 100, 0.8, 20, 40, 28, 0.7, 7.35, 34, 100, 22, 1.0),
(2, STR_TO_DATE('2023-07-12 22:00', '%Y-%m-%d %H:%i'), 110, 70, 70, 36.8, 14.0, 98, 110, 9000, 12.0, 200000, 240, 40, 170, 150, 136, 4.0, 98, 0.8, 20, 40, 28, 0.7, 7.35, 34, 100, 22, 1.0),
(2, STR_TO_DATE('2023-07-13 06:00', '%Y-%m-%d %H:%i'), 120, 80, 70, 36.8, 16.0, 98, 110, 8000, 12.0, 200000, 240, 40, 170, 150, 136, 4.5, 98, 0.8, 18, 30, 28, 0.7, 7.35, 34, 100, 22, 1.0),
(2, STR_TO_DATE('2023-07-13 14:00', '%Y-%m-%d %H:%i'), 125, 85, 75, 37.0, 18.0, 98, 115, 8000, 12.0, 200000, 240, 40, 170, 150, 136, 4.5, 100, 0.8, 18, 30, 28, 0.7, 7.35, 34, 100, 22, 1.0),
(2, STR_TO_DATE('2023-07-13 22:00', '%Y-%m-%d %H:%i'), 115, 78, 65, 36.5, 14.0, 98, 100, 8000, 12.0, 200000, 240, 40, 170, 150, 136, 4.5, 95, 0.8, 18, 30, 28, 0.7, 7.35, 34, 100, 22, 1.0);

INSERT INTO LabIniciales (pacienteId, Glucosa, pH, Cetonas, Creatinina, Hemoglobina, Leucocitos, Sodio, Potasio, Urea, Amilasa) VALUES
(1, 110, 7.35, 0.0, 1.1, 14.5, 15000, 134, 4.3, 50, 80),
(2, 140, 7.30, 0.0, 0.9, 13.0, 12000, 137, 4.0, 40, 50),
(3, 450, 7.10, 5.0, 1.6, 16.0, 18000, 130, 5.5, 60, 95),
(4, 120, 7.40, 0.0, 0.8, 12.8, 16000, 135, 3.8, 30, 55),
(5, 130, 7.28, 0.0, 1.8, 11.0, 12000, 130, 4.8, 90, 30),
(6, 220, 7.25, 0.4, 2.0, 13.0, 18000, 132, 5.2, 90, 25),
(7, 180, 7.37, 0.0, 1.0, 14.0, 12000, 138, 4.3, 40, 20),
(8, 130, 7.28, 0.0, 0.9, 16.0, 14000, 135, 3.6, 30, 20),
(9, 110, 7.48, 0.0, 0.8, 15.0, 14000, 138, 3.2, 15, 25),
(10, 180, 7.30, 0.5, 1.4, 16.0, 17000, 133, 4.5, 70, 85);

INSERT INTO Procedimientos (PacienteID, Procedimientos, Tratamientos, CirugíasPrevias, Radiologia) VALUES
(1, 'Oxigenoterapia; broncoscopia diagnóstica', 'Antibióticos IV; nebulizaciones con broncodilatadores', 'Prótesis de cadera derecha hace 2 años', 'Rx tórax: infiltrado en lóbulo inferior derecho compatible con neumonía'),
(2, 'ECG de 12 derivaciones; cateterismo cardíaco con angioplastia y stent', 'Oxígeno suplementario; analgesia con morfina; antiagregación y anticoagulación', 'Colecistectomía laparoscópica hace 5 años', 'Rx tórax: cardiomegalia leve y congestión pulmonar hilio-basilar'),
(3, 'Colocación de catéter venoso central; monitorización en UCI', 'Hidratación IV; infusión de insulina; reposición de potasio', 'Apendicectomía a los 18 años', 'Rx tórax: sin evidencia de infección pulmonar'),
(4, 'Ecografía abdominal (sugestiva de apendicitis); apendicectomía laparoscópica', 'Antibióticos IV; analgesia postquirúrgica', 'Amigdalectomía en la infancia', 'Ecografía abdominal: apéndice engrosado con líquido periapendicular (apendicitis aguda)'),
(5, 'Ventilación no invasiva (CPAP); ecocardiograma transtorácico', 'Diuréticos IV; vasodilatadores; soporte inotrópico', 'Hernioplastia inguinal hace 10 años', 'Rx tórax: cardiomegalia y edema agudo de pulmón bilateral'),
(6, 'Colocación de catéter venoso central; intubación orotraqueal (ventilación mecánica)', 'Fluidoterapia agresiva; vasopresores; antibióticos de amplio espectro', 'Histerectomía total hace 5 años', 'TC abdominopélvico: signos de pielonefritis derecha con cálculo ureteral distal'),
(7, 'TAC craneal sin contraste; trombolisis IV con alteplasa', 'Control estricto de PA; terapia antiplaquetaria; rehabilitación temprana', 'Cirugía de cataratas bilateral hace 2 años', 'TC craneal: infarto isquémico en territorio de arteria cerebral media izquierda'),
(8, 'Ventilación mecánica no invasiva (BiPAP); espirometría de control', 'Broncodilatadores nebulizados; corticoides sistémicos; antibióticos', 'Cesárea a los 30 años', 'Rx tórax: hiperinsuflación pulmonar sin nuevos infiltrados'),
(9, 'Nebulizaciones continuas en urgencias; observación en UCI temporal', 'Broncodilatadores nebulizados; corticoides IV; sulfato de magnesio IV', 'Herniorrafia umbilical en la infancia', 'Rx tórax: sin hallazgos agudos, hiperinsuflación pulmonar'),
(10, 'Sonda nasogástrica para descompresión; cuidados intensivos iniciales', 'Hidratación IV masiva; analgesia opiácea; nutrición parenteral', 'Osteosíntesis de húmero derecho hace 8 años', 'TC abdominal: páncreas edematoso con inflamación peripancreática; no se observan cálculos biliares');

--------------------------------- Por hacer -------------------------------
INSERT INTO Medicacion (medicamento, paciente_pacienteId, dosis, via) VALUES
('Ceftriaxona', 1, '2 g', 'IV cada 24h'),
('Azitromicina', 1, '500 mg', 'VO cada 24h'),
('Salbutamol', 1, '5 mg', 'Nebulizado c/6h'),
('Paracetamol', 1, '1 g', 'VO c/8h'),
('Clopidogrel', 2, '75 mg', 'VO diario'),
('Enoxaparina', 2, '60 mg', 'SC c/12h'),
('Nitroglicerina', 2, '5 µg/min', 'IV perfusión'),
('Morfina', 2, '4 mg', 'IV según necesidad'),
('Atorvastatina', 2, '80 mg', 'VO nocte'),
('Bisoprolol', 2, '2.5 mg', 'VO diario'),
('Insulina regular', 3, '0.1 U/kg/h', 'IV perfusión'),
('Cloruro de potasio', 3, '20 mEq', 'IV c/4h'),
('Suero fisiológico', 3, '1000 ml', 'IV rápido'),
('Bicarbonato de sodio', 3, '50 mEq', 'IV una dosis'),
('Insulina glargina', 3, '20 U', 'SC nocte'),
('Ceftriaxona', 4, '2 g', 'IV c/24h'),
('Metronidazol', 4, '500 mg', 'IV c/8h'),
('Ketorolaco', 4, '30 mg', 'IV c/8h'),
('Metamizol', 4, '2 g', 'IV c/8h'),
('Ondansetrón', 4, '4 mg', 'IV c/8h (prn)'),
('Furosemida', 5, '40 mg', 'IV c/8h'),
('Enalapril', 5, '5 mg', 'VO c/12h'),
('Carvedilol', 5, '6.25 mg', 'VO c/12h'),
('Digoxina', 5, '0.25 mg', 'VO diario'),
('Nitroglicerina', 5, '10 µg/min', 'IV perfusión'),
('Oxígeno', 5, '5 L/min', 'Mascarilla'),
('Meropenem', 6, '1 g', 'IV c/8h'),
('Vancomicina', 6, '1 g', 'IV c/12h'),
('Norepinefrina', 6, '0.1 µg/kg/min', 'IV perfusión'),
('Solución salina 0.9%', 6, '1000 ml', 'IV rápido'),
('Paracetamol', 6, '1 g', 'IV c/6h'),
('Insulina rápida', 6, '6 U', 'SC c/6h'),
('Alteplasa', 7, '0.9 mg/kg', 'IV (dosis total)'),
('Enoxaparina', 7, '40 mg', 'SC c/24h'),
('Aspirina', 7, '100 mg', 'VO diario'),
('Atorvastatina', 7, '40 mg', 'VO diario'),
('Labetalol', 7, '10 mg', 'IV c/8h (prn)'),
('Salbutamol', 8, '5 mg', 'Nebulizado c/6h'),
('Ipratropio', 8, '0.5 mg', 'Nebulizado c/6h'),
('Metilprednisolona', 8, '40 mg', 'IV c/8h'),
('Levofloxacino', 8, '500 mg', 'IV c/24h'),
('Oxígeno', 8, '3 L/min', 'Puntas nasales'),
('Salbutamol', 9, '5 mg', 'Nebulizado c/4h'),
('Ipratropio', 9, '0.5 mg', 'Nebulizado c/4h'),
('Hidrocortisona', 9, '100 mg', 'IV c/6h'),
('Sulfato de magnesio', 9, '2 g', 'IV una dosis'),
('Adrenalina', 9, '0.5 mg', 'SC una dosis'),
('Oxígeno', 9, '4 L/min', 'Mascarilla'),
('Ringer Lactato', 10, '1000 ml', 'IV c/8h'),
('Morfina', 10, '5 mg', 'IV c/4h (prn)'),
('Metoclopramida', 10, '10 mg', 'IV c/8h (prn)'),
('Omeprazol', 10, '40 mg', 'IV c/24h'),
('Ciprofloxacino', 10, '400 mg', 'IV c/12h');

---- Notas

